Code,Port,Port_Consolidated,Port_Coast,Port_Region, Action ,Note
1103,"Wilmington, Delaware",Delaware River,East,Mid-Atlantic, 1.00 ,
1307,"Dover, Delaware",Land Ports,Land  Ports,Land Ports, 1.00 ,
1001,"New York, New York",New York ,East,North Atlantic, 1.00 ,
982,"Griffiss International User Fee Airport, Rome, New York",Land Ports,Land  Ports,Land Ports, 1.00 ,
1002,"Albany, New York",New York ,East,North Atlantic, 1.00 ,
1005,"Long Island, New York",Land Ports,Land  Ports,Land Ports, 1.00 ,
1006,"Fishkill, New York",Land Ports,Land  Ports,Land Ports, 1.00 ,
1007,"Napanoch, New York",Land Ports,Land  Ports,Land Ports, 1.00 ,
101,"Portland, Maine",Boston,East,North Atlantic, 1.00 ,
102,"Bangor, Maine",Boston,East,North Atlantic, 1.00 ,
103,"Eastport, Maine",Boston,East,North Atlantic, 1.00 ,
104,"Jackman, Maine",Land Ports,Land  Ports,Land Ports, 1.00 ,
105,"Vanceboro, Maine",Land Ports,Land  Ports,Land Ports, 1.00 ,
106,"Houlton, Maine",Land Ports,Land  Ports,Land Ports, 1.00 ,
107,"Fort Fairfield, Maine",Land Ports,Land  Ports,Land Ports, 1.00 ,
108,"Van Buren, Maine",Land Ports,Land  Ports,Land Ports, 1.00 ,
109,"Madawaska, Maine",Land Ports,Land  Ports,Land Ports, 1.00 ,
110,"Fort Kent, Maine",Land Ports,Land  Ports,Land Ports, 1.00 ,
1101,"Philadelphia, Pennsylvania",Delaware River,East,Mid-Atlantic, 1.00 ,
1102,"Chester, Pennsylvania",Delaware River,East,Mid-Atlantic, 1.00 ,
1104,"Pittsburgh, Pennsylvania",Land Ports,Land  Ports,Land Ports, 1.00 ,
1106,"Wilkes-Barre/Scranton, Pennsylvania",Land Ports,Land  Ports,Land Ports, 1.00 ,
1108,"Philadelphia International Airport, Philadelphia, Pennsylvania",Land Ports,Land  Ports,Land Ports, 1.00 ,
1109,"Harrisburg, Pennsylvania",Land Ports,Land  Ports,Land Ports, 1.00 ,
111,"Bath, Maine",Boston,East,North Atlantic, 1.00 ,
1110,"Cherry Hill, New Jersey",Land Ports,Land  Ports,Land Ports, 1.00 ,
1119,"Allentown, Pennsylvania",Land Ports,Land  Ports,Land Ports, 1.00 ,
112,"Bar Harbor, Maine",Land Ports,Land  Ports,Land Ports, 1.00 ,
114,"Manchester, New Hampshire",Land Ports,Land  Ports,Land Ports, 1.00 ,
115,"Calais, Maine",Land Ports,Land  Ports,Land Ports, 1.00 ,
118,"Limestone, Maine",Land Ports,Land  Ports,Land Ports, 1.00 ,
1182,"Atlantic City User Fee Airport, New Jersey",Land Ports,Land  Ports,Land Ports, 1.00 ,
1183,"Trenton/Mercer County User Fee Airport, New Jersey",Land Ports,Land  Ports,Land Ports, 1.00 ,
1195,"UPS Courier Hub Facility, Philadelphia, Pennsylvania",Land Ports,Land  Ports,Land Ports, 1.00 ,
121,"Rockland, Maine",Land Ports,Land  Ports,Land Ports, 1.00 ,
122,"Jonesport, Maine",Land Ports,Land  Ports,Land Ports, 1.00 ,
127,"Bridgewater, Maine",Land Ports,Land  Ports,Land Ports, 1.00 ,
1301,"Annapolis, Maryland",Baltimore,East,Mid-Atlantic, 1.00 ,
1302,"Cambridge, Maryland",Land Ports,Land  Ports,Land Ports, 1.00 ,
1303,"Baltimore, Maryland",Baltimore,East,Mid-Atlantic, 1.00 ,
1304,"Crisfield, Maryland",Land Ports,Land  Ports,Land Ports, 1.00 ,
1305,"Baltimore-Washington International Airport, Baltimore, Maryland",Land Ports,Land  Ports,Land Ports, 1.00 ,
131,"Portsmouth, New Hampshire",New York ,East,North Atlantic, 1.00 ,
1401,"Norfolk, Virginia",Hampton Roads,East,Mid-Atlantic, 1.00 ,
1404,"Richmond-Petersburg, Virginia",Hampton Roads,East,Mid-Atlantic, 1.00 ,
1405,"Harrisonburg, Virginia",Land Ports,Land  Ports,Land Ports, 1.00 ,
1409,"Charleston, West Virginia",Land Ports,Land  Ports,Land Ports, 1.00 ,
1410,"Front Royal, Virginia",Land Ports,Land  Ports,Land Ports, 1.00 ,
1411,"Fraudulent Document Lab, McLean, Virginia",Land Ports,Land  Ports,Land Ports, 1.00 ,
150,"Border Patrol Sector, Hodgdon, Maine",Land Ports,Land  Ports,Land Ports, 1.00 ,
1501,"Wilmington, North Carolina",North Carolina Ports,East,South Atlantic, 1.00 ,
1502,"Winston-Salem, North Carolina",Land Ports,Land  Ports,Land Ports, 1.00 ,
1503,"Durham, North Carolina",Land Ports,Land  Ports,Land Ports, 1.00 ,
151,"Houlton Border Patrol, Houlton, Maine",Land Ports,Land  Ports,Land Ports, 1.00 ,
1511,"Beaufort-Morehead City, North Carolina",North Carolina Ports,East,South Atlantic, 1.00 ,
1512,"Charlotte, North Carolina",Land Ports,Land  Ports,Land Ports, 1.00 ,
152,"Searsport, Maine",Boston,East,North Atlantic, 1.00 ,
153,"Jackman Border Patrol, Jackman, Maine",Land Ports,Land  Ports,Land Ports, 1.00 ,
154,"Rangeley Border Patrol, Rangeley, Maine",Land Ports,Land  Ports,Land Ports, 1.00 ,
155,"Van Buren Border Patrol, Van Buren, Maine",Land Ports,Land  Ports,Land Ports, 1.00 ,
156,"Fort Fairfield Border Patrol, Fort Fairfield, Maine",Land Ports,Land  Ports,Land Ports, 1.00 ,
157,"Calais Border Patrol, Calais, Maine",Land Ports,Land  Ports,Land Ports, 1.00 ,
1581,"Charlotte-Monroe User Fee Airport, Monroe, North Carolina",Land Ports,Land  Ports,Land Ports, 1.00 ,
1601,"Charleston, South Carolina",South Carolina Ports,East,South Atlantic, 1.00 ,
1602,"Georgetown, South Carolina",South Carolina Ports,East,South Atlantic, 1.00 ,
1603,"Greenville-Spartanburg, South Carolina",Land Ports,Land  Ports,Land Ports, 1.00 ,
1604,"Columbia, South Carolina",Land Ports,Land  Ports,Land Ports, 1.00 ,
1608,"Greer, South Carolina",Land Ports,Land  Ports,Land Ports, 1.00 ,
1681,"Myrtle Beach International Airport, Myrtle Beach, South Carolina",Land Ports,Land  Ports,Land Ports, 1.00 ,
1701,"Brunswick, Georgia",Georgia Ports,East,South Atlantic, 1.00 ,
1703,"Savannah, Georgia",Georgia Ports,East,South Atlantic, 1.00 ,
1704,"Atlanta, Georgia",Land Ports,Land  Ports,Land Ports, 1.00 ,
1705,"Albany, Georgia",Land Ports,Land  Ports,Land Ports, 1.00 ,
1706,"Dalton, Georgia",Land Ports,Land  Ports,Land Ports, 1.00 ,
1709,"Hartsfield Airport, Atlanta, Georgia",Land Ports,Land  Ports,Land Ports, 1.00 ,
1755,"Port for Tracking, Savannah, Georgia",Land Ports,Land  Ports,Land Ports, 1.00 ,
1758,"Olympics Security, Atlanta, Georgia",Land Ports,Land  Ports,Land Ports, 1.00 ,
1759,"Atlanta-Olympics, Atlanta, Georgia",Land Ports,Land  Ports,Land Ports, 1.00 ,
1781,"Cobb County International Airport, Kenshaw, Georgia",Land Ports,Land  Ports,Land Ports, 1.00 ,
1801,"Tampa, Florida",Tampa,Gulf,Gulf East, 1.00 ,
1803,"Jacksonville, Florida",North Florida,East,South Atlantic, 1.00 ,
1804,"Tallahassee, Florida",Land Ports,Land  Ports,Land Ports, 1.00 ,
1805,"Fernandina Beach, Florida",North Florida,East,South Atlantic, 1.00 ,
1807,"Boca Grande, Florida",Land Ports,Land  Ports,Land Ports, 1.00 ,
1808,"Orlando, Florida",Land Ports,Land  Ports,Land Ports, 1.00 ,
1809,"Orlando-Sanford Airport, Sanford, Florida",Land Ports,Land  Ports,Land Ports, 1.00 ,
1811,"Sarasota/Bradenton, Manatee, Florida",Land Ports,Land  Ports,Land Ports, 1.00 ,
1814,"St. Petersburg, Florida",Land Ports,Land  Ports,Land Ports, 1.00 ,
1816,"Port Canaveral, Florida",North Florida,East,South Atlantic, 1.00 ,
1818,"Panama City, Florida",Mobile,Gulf,Gulf East, 1.00 ,
1819,"Pensacola, Florida",Mobile,Gulf,Gulf East, 1.00 ,
182,"Manchester User Fee Airport, New Hampshire",Land Ports,Land  Ports,Land Ports, 1.00 ,
1820,"Port St. Joe, Florida",Land Ports,Land  Ports,Land Ports, 1.00 ,
1821,"Port Manatee, Florida",Tampa,Gulf,Gulf East, 1.00 ,
1822,"Fort Myers, Florida",Land Ports,Land  Ports,Land Ports, 1.00 ,
1851,"Tampa Border Patrol, Tampa, Florida",Land Ports,Land  Ports,Land Ports, 1.00 ,
1852,"Jacksonville Border Patrol, Jacksonville, Florida",Land Ports,Land  Ports,Land Ports, 1.00 ,
1853,"Orlando Border Patrol, Orlando, Florida",Land Ports,Land  Ports,Land Ports, 1.00 ,
1880,"Naples Municipal Airport, Naples, Florida",Land Ports,Land  Ports,Land Ports, 1.00 ,
1881,"Lakeland Linder Airport, Lakeland, Florida",Land Ports,Land  Ports,Land Ports, 1.00 ,
1883,"Sarasota-Bradenton Airport, Sarasota, Florida",Land Ports,Land  Ports,Land Ports, 1.00 ,
1884,"Daytona Beach International Airport, Daytona Beach, Florida",Land Ports,Land  Ports,Land Ports, 1.00 ,
1885,"Melbourne Regional Airport, Melbourne, Florida",Land Ports,Land  Ports,Land Ports, 1.00 ,
1887,"Leesburg Regional Airport, Leesburg, Florida",Land Ports,Land  Ports,Land Ports, 1.00 ,
1888,"Orlando Executive Airport, Orlando, Florida",Land Ports,Land  Ports,Land Ports, 1.00 ,
1889,"St. Augustine Airport (User Fee Airport), St Augustine, Florida",Land Ports,Land  Ports,Land Ports, 1.00 ,
1901,"Mobile, Alabama",Mobile,Gulf,Gulf East, 1.00 ,
1902,"Gulfport, Mississippi",Mobile,Gulf,Gulf East, 1.00 ,
1903,"Pascagoula, Mississippi",Mobile,Gulf,Gulf East, 1.00 ,
1904,"Birmingham, Alabama",Land Ports,Land  Ports,Land Ports, 1.00 ,
1905,"Apalachicola, Florida",Land Ports,Land  Ports,Land Ports, 1.00 ,
1906,"Carrabelle, Florida",Land Ports,Land  Ports,Land Ports, 1.00 ,
1910,"Huntsville, Alabama",Land Ports,Land  Ports,Land Ports, 1.00 ,
1951,"Gulfport Border Patrol, Gulfport, Mississippi",Land Ports,Land  Ports,Land Ports, 1.00 ,
1952,"Mobile Border Patrol, Mobile, Alabama",Land Ports,Land  Ports,Land Ports, 1.00 ,
2001,"Morgan City, Louisiana",New Orleans,Gulf,Gulf East, 1.00 ,
2002,"New Orleans, Louisiana",New Orleans,Gulf,Gulf East, 1.00 ,
2003,"Little Rock, Arkansas",Land Ports,Land  Ports,Land Ports, 1.00 ,
2004,"Baton Rouge, Louisiana",New Orleans,Gulf,Gulf East, 1.00 ,
2006,"Memphis, Tennessee",Land Ports,Land  Ports,Land Ports, 1.00 ,
2007,"Nashville, Tennessee",Land Ports,Land  Ports,Land Ports, 1.00 ,
2008,"Chattanooga, Tennessee",Land Ports,Land  Ports,Land Ports, 1.00 ,
201,"St. Albans, Vermont",Land Ports,Land  Ports,Land Ports, 1.00 ,
2010,"Gramercy, Louisiana",New Orleans,Gulf,Gulf East, 1.00 ,
2011,"Greenville, Mississippi",Land Ports,Land  Ports,Land Ports, 1.00 ,
2015,"Vicksburg, Mississippi (Include Jackson Municipal Airport)",Land Ports,Land  Ports,Land Ports, 1.00 ,
2016,"Knoxville, Tennessee",Land Ports,Land  Ports,Land Ports, 1.00 ,
2017,"Lake Charles, Louisiana",Lake Charles,Gulf,Gulf East, 1.00 ,
2018,"Shreveport-Bossier City, Louisiana",Land Ports,Land  Ports,Land Ports, 1.00 ,
2021,"Houma, Louisiana",Land Ports,Land  Ports,Land Ports, 1.00 ,
2023,"Lafayette, Louisiana",Land Ports,Land  Ports,Land Ports, 1.00 ,
2024,"Ft. Smith, Arkansas",Land Ports,Land  Ports,Land Ports, 1.00 ,
2025,"Fayetteville, Arkansas",Land Ports,Land  Ports,Land Ports, 1.00 ,
2026,"Texarkana, Arkansas",Land Ports,Land  Ports,Land Ports, 1.00 ,
2027,"Tri-City Airport, Blountville, Tennessee",Land Ports,Land  Ports,Land Ports, 1.00 ,
203,"Richford, Vermont",Land Ports,Land  Ports,Land Ports, 1.00 ,
2050,"Border Patrol Sector HQ, New Orleans, Louisiana",Land Ports,Land  Ports,Land Ports, 1.00 ,
2051,"Lake Charles Border Patrol, Lake Charles, Louisiana",Land Ports,Land  Ports,Land Ports, 1.00 ,
2052,"Baton Rouge Border Patrol, Baton Rouge, Louisiana",Land Ports,Land  Ports,Land Ports, 1.00 ,
2053,"New Orleans Border Patrol, New Orleans, Louisiana",Land Ports,Land  Ports,Land Ports, 1.00 ,
2054,"Little Rock Border Patrol, Little Rock, Arkansas",Land Ports,Land  Ports,Land Ports, 1.00 ,
206,"Beecher Falls, Vermont",Land Ports,Land  Ports,Land Ports, 1.00 ,
207,"Burlington, Vermont",Land Ports,Land  Ports,Land Ports, 1.00 ,
2081,"Jackson Airport, Jackson, Mississippi",Land Ports,Land  Ports,Land Ports, 1.00 ,
2084,"Rogers Municipal Airport, Rogers, Arkansas",Land Ports,Land  Ports,Land Ports, 1.00 ,
209,"Derby Line, Vermont",Land Ports,Land  Ports,Land Ports, 1.00 ,
2095,"Federal Express Courier, Memphis, Tennessee",Land Ports,Land  Ports,Land Ports, 1.00 ,
210,"Newport, Vermont",Land Ports,Land  Ports,Land Ports, 1.00 ,
2101,"Port Arthur, Texas",Sabine River,Gulf,North Texas, 1.00 ,
2102,"Sabine, Texas",Sabine River,Gulf,North Texas, 1.00 ,
2103,"Orange, Texas",Sabine River,Gulf,North Texas, 1.00 ,
2104,"Beaumont, Texas",Sabine River,Gulf,North Texas, 1.00 ,
211,"Norton, Vermont",Land Ports,Land  Ports,Land Ports, 1.00 ,
212,"Highgate Springs/Alburg, Vermont",Land Ports,Land  Ports,Land Ports, 1.00 ,
214,"Swanton, Vermont",Land Ports,Land  Ports,Land Ports, 1.00 ,
2150,"Border Patrol Sector HQ, Yuma, Arizona",Land Ports,Land  Ports,Land Ports, 1.00 ,
2151,"Blythe California Border Patrol, Blythe, California",Land Ports,Land  Ports,Land Ports, 1.00 ,
2152,"Yuma Arizona Border Patrol, Yuma, Arizona",Land Ports,Land  Ports,Land Ports, 1.00 ,
2153,"Wellton Arizona Border Patrol, Wellton, Arizona",Land Ports,Land  Ports,Land Ports, 1.00 ,
221,"Northeast Region, Boston, Massachusetts",Land Ports,Land  Ports,Land Ports, 1.00 ,
2250,"Border Patrol Sector HQ, Laredo, Texas",Land Ports,Land  Ports,Land Ports, 1.00 ,
2251,"Laredo Del Mar Border Patrol, Laredo, Texas",Land Ports,Land  Ports,Land Ports, 1.00 ,
2252,"Cotulla Texas Border Patrol, Cotulla, Texas",Land Ports,Land  Ports,Land Ports, 1.00 ,
2253,"Hebbronville Texas Border Patrol, Hebbronville, Texas",Land Ports,Land  Ports,Land Ports, 1.00 ,
2254,"Laredo South Border Patrol, Laredo, Texas",Land Ports,Land  Ports,Land Ports, 1.00 ,
2255,"Dallas Border Patrol, Euless, Texas",Land Ports,Land  Ports,Land Ports, 1.00 ,
2256,"Freer Texas Border Patrol, Freer, Texas",Land Ports,Land  Ports,Land Ports, 1.00 ,
2257,"San Antonio Border Patrol, San Antonio, Texas",Land Ports,Land  Ports,Land Ports, 1.00 ,
2258,"Zapata Texas Border Patrol, Zapata, Texas",Land Ports,Land  Ports,Land Ports, 1.00 ,
2259,"Laredo West Station, Laredo, Texas",Land Ports,Land  Ports,Land Ports, 1.00 ,
2301,"Brownsville, Texas",South Texas,Gulf,South Texas, 1.00 ,
2302,"Del Rio, Texas",Land Ports,Land  Ports,Land Ports, 1.00 ,
2303,"Eagle Pass, Texas",Land Ports,Land  Ports,Land Ports, 1.00 ,
2304,"Laredo, Texas",Land Ports,Land  Ports,Land Ports, 1.00 ,
2305,"Hidalgo, Texas",Land Ports,Land  Ports,Land Ports, 1.00 ,
2307,"Rio Grande City, Texas",Land Ports,Land  Ports,Land Ports, 1.00 ,
2309,"Progreso, Texas",Land Ports,Land  Ports,Land Ports, 1.00 ,
2310,"Roma, Texas",Land Ports,Land  Ports,Land Ports, 1.00 ,
2330,"Harlingen, Texas",Land Ports,Land  Ports,Land Ports, 1.00 ,
2350,"Border Patrol Sector HQ, Del Rio, Texas",Land Ports,Land  Ports,Land Ports, 1.00 ,
2351,"Comstock Border Patrol, Comstock, Texas",Land Ports,Land  Ports,Land Ports, 1.00 ,
2352,"Carrizo Springs Border Patrol, Carrizo Springs, Texas",Land Ports,Land  Ports,Land Ports, 1.00 ,
2353,"Del Rio Border Patrol, Del Rio, Texas",Land Ports,Land  Ports,Land Ports, 1.00 ,
2354,"Eagle Pass Border Patrol, Eagle Pass, Texas",Land Ports,Land  Ports,Land Ports, 1.00 ,
2355,"Brackettville Border Patrol, Brackettville, Texas",Land Ports,Land  Ports,Land Ports, 1.00 ,
2356,"Uvalde Texas Border Patrol, Uvalde, Texas",Land Ports,Land  Ports,Land Ports, 1.00 ,
2357,"Rocksprings Border Patrol, Rocksprings, Texas",Land Ports,Land  Ports,Land Ports, 1.00 ,
2358,"Llano Texas Border Patrol, Llano, Texas",Land Ports,Land  Ports,Land Ports, 1.00 ,
2359,"San Angelo Border Patrol, San Angelo, Texas",Land Ports,Land  Ports,Land Ports, 1.00 ,
2360,"Abilene Texas Border Patrol, Abilene, Texas",Land Ports,Land  Ports,Land Ports, 1.00 ,
2361,"Border Patrol Sector HQ, McAllen, Texas",Land Ports,Land  Ports,Land Ports, 1.00 ,
2362,"Mercedes Border Patrol, Weslaco, Texas",Land Ports,Land  Ports,Land Ports, 1.00 ,
2363,"Falfurrias  Border Patrol, Falfurrias, Texas",Land Ports,Land  Ports,Land Ports, 1.00 ,
2364,"Rio Grande City Border Patrol, Rio Grande City, Texas",Land Ports,Land  Ports,Land Ports, 1.00 ,
2365,"McAllen Border Patrol, McAllen, Texas",Land Ports,Land  Ports,Land Ports, 1.00 ,
2366,"Brownsville Border Patrol, Brownsville, Texas",Land Ports,Land  Ports,Land Ports, 1.00 ,
2367,"Harlingen Border Patrol, Harlingen, Texas",Land Ports,Land  Ports,Land Ports, 1.00 ,
2368,"Kingsville Border Patrol, Kingsville, Texas",Land Ports,Land  Ports,Land Ports, 1.00 ,
2369,"Fort Brown Border Patrol, Brownsville, Texas",Land Ports,Land  Ports,Land Ports, 1.00 ,
2370,"Corpus Christie Border Patrol, Corpus Christie, Texas",Land Ports,Land  Ports,Land Ports, 1.00 ,
2377,"Harlingen # Valley International, Harlingen, Texas",Land Ports,Land  Ports,Land Ports, 1.00 ,
2383,"Valley International User Fee Airport, Harlingen, Texas",Land Ports,Land  Ports,Land Ports, 1.00 ,
2393,"Brownsville-Cartage Control, Brownsville, Texas",Land Ports,Land  Ports,Land Ports, 1.00 ,
2396,"San Antonio-Cartage Control, San Antonio, Texas",Land Ports,Land  Ports,Land Ports, 1.00 ,
2397,"Roma-Cartage Control, Roma, Texas",Land Ports,Land  Ports,Land Ports, 1.00 ,
2398,"Hidalgo Cartage Control, Pharr, Texas",Land Ports,Land  Ports,Land Ports, 1.00 ,
2401,Area Port of Ysleta,Land Ports,Land  Ports,Land Ports, 1.00 ,
2402,"El Paso, Texas",Land Ports,Land  Ports,Land Ports, 1.00 ,
2403,"Presidio, Texas",Land Ports,Land  Ports,Land Ports, 1.00 ,
2404,"Tornillo, Texas",Land Ports,Land  Ports,Land Ports, 1.00 ,
2406,"Columbus, New Mexico",Land Ports,Land  Ports,Land Ports, 1.00 ,
2407,"Albuquerque, New Mexico",Land Ports,Land  Ports,Land Ports, 1.00 ,
2408,"Santa Teresa, New Mexico",Land Ports,Land  Ports,Land Ports, 1.00 ,
2409,"Fort Hancock, Texas",Land Ports,Land  Ports,Land Ports, 1.00 ,
2410,"Boquillas, Texas",Land Ports,Land  Ports,Land Ports, 1.00 ,
2420,"Deming, New Mexico",Land Ports,Land  Ports,Land Ports, 1.00 ,
2421,"Las Cruces, New Mexico",Land Ports,Land  Ports,Land Ports, 1.00 ,
2422,"Alamogordo, New Mexico",Land Ports,Land  Ports,Land Ports, 1.00 ,
2423,"Carlsbad, New Mexico",Land Ports,Land  Ports,Land Ports, 1.00 ,
2424,"Alpine, Texas",Land Ports,Land  Ports,Land Ports, 1.00 ,
2425,"Midland, Texas",Land Ports,Land  Ports,Land Ports, 1.00 ,
2426,"Van Horn, Texas",Land Ports,Land  Ports,Land Ports, 1.00 ,
2427,"Marfa, Texas",Land Ports,Land  Ports,Land Ports, 1.00 ,
2450,"Border Patrol Sector HQ, El Paso, Texas",Land Ports,Land  Ports,Land Ports, 1.00 ,
2451,"Lordsburg New Mexico Border Patrol, Lordsburg, New Mexico",Land Ports,Land  Ports,Land Ports, 1.00 ,
2452,"Truth or Cons Border Patrol, Truth or Cons, New Mexico",Land Ports,Land  Ports,Land Ports, 1.00 ,
2453,"Las Cruces Border Patrol, Las Cruces, New Mexico",Land Ports,Land  Ports,Land Ports, 1.00 ,
2454,"El Paso Border Patrol, El Paso, Texas",Land Ports,Land  Ports,Land Ports, 1.00 ,
2455,"Fabens Texas Border Patrol, Fabens, Texas",Land Ports,Land  Ports,Land Ports, 1.00 ,
2456,"Alamogordo Border Patrol, Alamogordo, New Mexico",Land Ports,Land  Ports,Land Ports, 1.00 ,
2457,"Fort Hancock Texas Border Patrol, Fort Hancock, Texas",Land Ports,Land  Ports,Land Ports, 1.00 ,
2458,"Carlsbad New Mexico Border Patrol, Carlsbad, New Mexico",Land Ports,Land  Ports,Land Ports, 1.00 ,
2459,"Deming New Mexico Border Patrol, Deming, New Mexico",Land Ports,Land  Ports,Land Ports, 1.00 ,
2460,"Silver City New Mexico Border Patrol, Silver City, New Mexico",Land Ports,Land  Ports,Land Ports, 1.00 ,
2461,"Ysleta Border Patrol, El Paso, Texas",Land Ports,Land  Ports,Land Ports, 1.00 ,
2462,"Albuquerque Border Patrol, Albuquerque, New Mexico",Land Ports,Land  Ports,Land Ports, 1.00 ,
2463,"Santa Teresa Border Patrol, Santa Teresa, New Mexico",Land Ports,Land  Ports,Land Ports, 1.00 ,
2481,"Santa Teresa Airport, Santa Teresa, New Mexico",Land Ports,Land  Ports,Land Ports, 1.00 ,
2482,"Roswell Industrial Airport, Roswell, New Mexico",Land Ports,Land  Ports,Land Ports, 1.00 ,
2499,"El Paso Cartage Control, El Paso, Texas",Land Ports,Land  Ports,Land Ports, 1.00 ,
250,"Border Patrol Sector, Swanton, Vermont",Land Ports,Land  Ports,Land Ports, 1.00 ,
2501,"San Diego, California",LA-Long Beach,West,California, 1.00 ,
2502,"Andrade, California",Land Ports,Land  Ports,Land Ports, 1.00 ,
2503,"Calexico, California",Land Ports,Land  Ports,Land Ports, 1.00 ,
2504,"San Ysidro, California",Land Ports,Land  Ports,Land Ports, 1.00 ,
2505,"Tecate, California",Land Ports,Land  Ports,Land Ports, 1.00 ,
2506,"Otay Mesa, California",Land Ports,Land  Ports,Land Ports, 1.00 ,
2507,"Calexico-East, California",Land Ports,Land  Ports,Land Ports, 1.00 ,
251,"Swanton Border Patrol, Swanton, Vermont",Land Ports,Land  Ports,Land Ports, 1.00 ,
252,"Richford Border Patrol, Richford, Vermont",Land Ports,Land  Ports,Land Ports, 1.00 ,
2520,"Oceanside, California",Land Ports,Land  Ports,Land Ports, 1.00 ,
2521,"El Centro, Oceanside, California",Land Ports,Land  Ports,Land Ports, 1.00 ,
253,"Newport Vermont Border Patrol, Newport, Vermont",Land Ports,Land  Ports,Land Ports, 1.00 ,
254,"Beecher Falls Border Patrol, Beecher Falls, Vermont",Land Ports,Land  Ports,Land Ports, 1.00 ,
255,"Champlain Border Patrol, Champlain, New York",Land Ports,Land  Ports,Land Ports, 1.00 ,
2550,"Border Patrol Sector HQ, El Centro, California",Land Ports,Land  Ports,Land Ports, 1.00 ,
2551,"Indio California Border Patrol, Indio, California",Land Ports,Land  Ports,Land Ports, 1.00 ,
2552,"El Centro California Border Patrol, El Centro, California",Land Ports,Land  Ports,Land Ports, 1.00 ,
2553,"Riverside California Border Patrol, Riverside, California",Land Ports,Land  Ports,Land Ports, 1.00 ,
2554,"Calexico California Border Patrol, Calexico, California",Land Ports,Land  Ports,Land Ports, 1.00 ,
256,"Ogdensburg Border Patrol, Ogdensburg, New York",Land Ports,Land  Ports,Land Ports, 1.00 ,
257,"Massena Border Patrol, Massena, New York",Land Ports,Land  Ports,Land Ports, 1.00 ,
258,"Burke New York Border Patrol, Burke, New York",Land Ports,Land  Ports,Land Ports, 1.00 ,
2582,"Otay-Cross Border User Fee Airport, San Diego, California",Land Ports,Land  Ports,Land Ports, 1.00 ,
2601,"Douglas, Arizona",Land Ports,Land  Ports,Land Ports, 1.00 ,
2602,"Lukeville, Arizona",Land Ports,Land  Ports,Land Ports, 1.00 ,
2603,"Naco, Arizona",Land Ports,Land  Ports,Land Ports, 1.00 ,
2604,"Nogales, Arizona",Land Ports,Land  Ports,Land Ports, 1.00 ,
2605,"Phoenix, Arizona",Land Ports,Land  Ports,Land Ports, 1.00 ,
2606,"Sasabe, Arizona",Land Ports,Land  Ports,Land Ports, 1.00 ,
2607,"Sells, Arizona",Land Ports,Land  Ports,Land Ports, 1.00 ,
2608,"San Luis, Arizona",Land Ports,Land  Ports,Land Ports, 1.00 ,
2609,"Tucson, Arizona",Land Ports,Land  Ports,Land Ports, 1.00 ,
2610,"Sierra Vista, Arizona",Land Ports,Land  Ports,Land Ports, 1.00 ,
2611,"Yuma, Arizona",Land Ports,Land  Ports,Land Ports, 1.00 ,
2620,"Flagstaff, Arizona",Land Ports,Land  Ports,Land Ports, 1.00 ,
2621,"Kingman, Arizona",Land Ports,Land  Ports,Land Ports, 1.00 ,
2650,"Border Patrol Sector HQ, Tucson, Arizona",Land Ports,Land  Ports,Land Ports, 1.00 ,
2651,"Casa Grande Arizona Border Patrol, Casa Grande, Arizona",Land Ports,Land  Ports,Land Ports, 1.00 ,
2652,"Tucson Arizona Border Patrol, Tucson, Arizona",Land Ports,Land  Ports,Land Ports, 1.00 ,
2653,"Nogales Arizona Border Patrol, Nogales, Arizona",Land Ports,Land  Ports,Land Ports, 1.00 ,
2654,"Willcox Arizona Border Patrol, Willcox, Arizona",Land Ports,Land  Ports,Land Ports, 1.00 ,
2655,"Douglas Arizona Border Patrol, Douglas, Arizona",Land Ports,Land  Ports,Land Ports, 1.00 ,
2656,"Ajo Arizona Border Patrol, Why, Arizona",Land Ports,Land  Ports,Land Ports, 1.00 ,
2657,"Naco Border Patrol, Bisbee, Arizona",Land Ports,Land  Ports,Land Ports, 1.00 ,
2658,"Sonoita Arizona Border Patrol, Sonoita, Arizona",Land Ports,Land  Ports,Land Ports, 1.00 ,
2681,"Scottsdale User Fee Airport, Scottsdale, Arizona",Land Ports,Land  Ports,Land Ports, 1.00 ,
2682,"Phoenix-Mesa Gateway Airport, Mesa, Arizona",Land Ports,Land  Ports,Land Ports, 1.00 ,
2704,"Los Angeles, California",LA-Long Beach,West,California, 1.00 ,
2705,"Santa Ana/Orange, Santa Ana, California",Land Ports,Land  Ports,Land Ports, 1.00 ,
2706,"Bakersfield, California",Land Ports,Land  Ports,Land Ports, 1.00 ,
2707,"Port San Luis Harbor, Avila Beach, California",Land Ports,Land  Ports,Land Ports, 1.00 ,
2709,"Long Beach, California",LA-Long Beach,West,California, 1.00 ,
2712,"Ventura, California",Land Ports,Land  Ports,Land Ports, 1.00 ,
2713,"Port Hueneme, California",LA-Long Beach,West,California, 1.00 ,
2714,"San Bernardino, California",Land Ports,Land  Ports,Land Ports, 1.00 ,
2715,"Capitan, California",Land Ports,Land  Ports,Land Ports, 1.00 ,
2719,"Morro Bay, California",Land Ports,Land  Ports,Land Ports, 1.00 ,
2720,"Los Angeles International Airport, Los Angeles, California",Land Ports,Land  Ports,Land Ports, 1.00 ,
2721,"Ontario International Airport, Ontario, California",Land Ports,Land  Ports,Land Ports, 1.00 ,
2722,"Las Vegas, NV",Land Ports,Land  Ports,Land Ports, 1.00 ,
2755,"Los Angeles Alternate, Los Angeles, California",Land Ports,Land  Ports,Land Ports, 1.00 ,
2775,"Fedex Corp, Los Angeles, California",Land Ports,Land  Ports,Land Ports, 1.00 ,
2776,"International Bonded Couriers (IBC), Los Angeles, California",Land Ports,Land  Ports,Land Ports, 1.00 ,
2777,"Micom, Ingelwood, California",Land Ports,Land  Ports,Land Ports, 1.00 ,
2781,"Palm Springs User Fee, Palm Springs, California",Land Ports,Land  Ports,Land Ports, 1.00 ,
2782,"San Bernardino International Airport, San Bernardino, California",Land Ports,Land  Ports,Land Ports, 1.00 ,
2783,"Southern California Logistics Airport, Victorville, California",Land Ports,Land  Ports,Land Ports, 1.00 ,
2786,"Meadows Field Airport, Bakersfield, California",Land Ports,Land  Ports,Land Ports, 1.00 ,
2787,"John Wayne User Fee Airport, Santa Ana, California",Land Ports,Land  Ports,Land Ports, 1.00 ,
2788,"Van Nuys User Fee Airport, Van Nuys, California",Land Ports,Land  Ports,Land Ports, 1.00 ,
2791,"DHL Hub, Los Angeles, California",Land Ports,Land  Ports,Land Ports, 1.00 ,
2795,"UPS, Ontario, California",Land Ports,Land  Ports,Land Ports, 1.00 ,
2801,"San Francisco International Airport, San Francisco, California",Land Ports,Land  Ports,Land Ports, 1.00 ,
2802,"Eureka, California",Land Ports,Land  Ports,Land Ports, 1.00 ,
2803,"Fresno, California",San Franciso,West,California, 1.00 ,
2805,"Monterey, California",Land Ports,Land  Ports,Land Ports, 1.00 ,
2809,"San Francisco, California",San Franciso,West,California, 1.00 ,
2810,"Stockton, California",San Franciso,West,California, 1.00 ,
2811,"Oakland, California",San Franciso,West,California, 1.00 ,
2812,"Richmond, California",San Franciso,West,California, 1.00 ,
2815,"Crockett, California",San Franciso,West,California, 1.00 ,
2817,"Redding, California",Land Ports,Land  Ports,Land Ports, 1.00 ,
2818,"San Francisco IAP, San Francisco, California",Land Ports,Land  Ports,Land Ports, 1.00 ,
2819,"Ogden, Utah",Land Ports,Land  Ports,Land Ports, 1.00 ,
2820,"Martinez, California",San Franciso,West,California, 1.00 ,
2821,"Redwood City, California",San Franciso,West,California, 1.00 ,
2822,"Provo, Utah",Land Ports,Land  Ports,Land Ports, 1.00 ,
2823,"St. George, Utah",Land Ports,Land  Ports,Land Ports, 1.00 ,
2827,"Selby, California",Land Ports,Land  Ports,Land Ports, 1.00 ,
2828,"San Joaquin River, California",San Franciso,West,California, 1.00 ,
2829,"San Pablo Bay, California",San Franciso,West,California, 1.00 ,
2830,"Carquinez Strait, California",San Franciso,West,California, 1.00 ,
2831,"Suisin Bay, California",San Franciso,West,California, 1.00 ,
2833,"Reno, Nevada",Land Ports,Land  Ports,Land Ports, 1.00 ,
2834,"San Jose International Airport, California",Land Ports,Land  Ports,Land Ports, 1.00 ,
2835,"Sacramento International Airport, Sacramento, California",Land Ports,Land  Ports,Land Ports, 1.00 ,
2850,"Border Patrol Sector HQ, Dublin, California",Land Ports,Land  Ports,Land Ports, 1.00 ,
2851,"Sacramento Border Patrol, Sacramento, California",Land Ports,Land  Ports,Land Ports, 1.00 ,
2852,"Stockton California Border Patrol, Stockton, California",Land Ports,Land  Ports,Land Ports, 1.00 ,
2853,"Fresno California Border Patrol, Fresno, California",Land Ports,Land  Ports,Land Ports, 1.00 ,
2854,"Bakersfield California Border Patrol, Bakersfield, California",Land Ports,Land  Ports,Land Ports, 1.00 ,
2855,"San Luis Obispo Border Patrol, San Luis Obispo, California",Land Ports,Land  Ports,Land Ports, 1.00 ,
2895,"Fedex Courier Hub Facility, Oakland, California",Land Ports,Land  Ports,Land Ports, 1.00 ,
2901,"Astoria, Oregon",Columbia River,West,Pacific Northwest, 1.00 ,
2902,"Newport, Oregon",Columbia River,West,Pacific Northwest, 1.00 ,
2903,"Coos Bay, Oregon",Columbia River,West,Pacific Northwest, 1.00 ,
2904,"Portland, Oregon",Columbia River,West,Pacific Northwest, 1.00 ,
3028,"Yakima, Washington",Land Ports,Land  Ports,Land Ports, 1.00 ,
2907,"Boise, Idaho",Land Ports,Land  Ports,Land Ports, 1.00 ,
3024,"Wenatchee, Washington",Land Ports,Land  Ports,Land Ports, 1.00 ,
5754,"Wenatchee Washington Border Patrol, Wenatchee, Washington",Land Ports,Land  Ports,Land Ports, 1.00 ,
2908,"Vancouver, Washington",Columbia River,West,Pacific Northwest, 1.00 ,
2911,"Twin Falls, Idaho",Land Ports,Land  Ports,Land Ports, 1.00 ,
2912,"Idaho Falls, Idaho",Land Ports,Land  Ports,Land Ports, 1.00 ,
2913,"Pueblo, Colorado",Land Ports,Land  Ports,Land Ports, 1.00 ,
2914,"Durango, Colorado",Land Ports,Land  Ports,Land Ports, 1.00 ,
2915,"Alamosa, Colorado",Land Ports,Land  Ports,Land Ports, 1.00 ,
2916,"Grand Junction, Colorado",Land Ports,Land  Ports,Land Ports, 1.00 ,
2917,"Glenwood Springs, Colorado",Land Ports,Land  Ports,Land Ports, 1.00 ,
2918,"Craig, Colorado",Land Ports,Land  Ports,Land Ports, 1.00 ,
2919,"Brush, Colorado",Land Ports,Land  Ports,Land Ports, 1.00 ,
2920,"Cheyenne, Wyoming",Land Ports,Land  Ports,Land Ports, 1.00 ,
2921,"Casper, Wyoming",Land Ports,Land  Ports,Land Ports, 1.00 ,
2983,"Hillsboro Airport, Hillsboro, Oregon",Land Ports,Land  Ports,Land Ports, 1.00 ,
3071,"UPS, Seattle, Washington",Land Ports,Land  Ports,Land Ports, 1.00 ,
3095,"UPS Courier Hub, Seattle, Washington",Land Ports,Land  Ports,Land Ports, 1.00 ,
3002,"Tacoma, Washington",Seattle-Tacoma,West,Pacific Northwest, 1.00 ,
3009,"Sumas, Washington",Land Ports,Land  Ports,Land Ports, 1.00 ,
3022,"Spokane, Washington",Seattle-Tacoma,West,Pacific Northwest, 1.00 ,
5751,"Spokane Border Patrol, Spokane, Washington",Land Ports,Land  Ports,Land Ports, 1.00 ,
7542,"Shannon IE Preclearance, Washington, DC",Land Ports,Land  Ports,Land Ports, 1.00 ,
3029,"Seattle-Tacoma International Airport, Seattle, Washington",Land Ports,Land  Ports,Land Ports, 1.00 ,
3001,"Seattle, Washington",Seattle-Tacoma,West,Pacific Northwest, 1.00 ,
2910,"Portland International Airport, Portland, Washington",Land Ports,Land  Ports,Land Ports, 1.00 ,
3008,"Port Townsend, Washington",Seattle-Tacoma,West,Pacific Northwest, 1.00 ,
3099,"Port of Puget Sound, Seattle, Washington",Seattle-Tacoma,West,Pacific Northwest, 1.00 ,
3007,"Port Angeles, Washington",Seattle-Tacoma,West,Pacific Northwest, 1.00 ,
3054,"Port Angeles Border Patrol, Port Angeles, Washington",Land Ports,Land  Ports,Land Ports, 1.00 ,
3017,"Point Roberts, Washington",Land Ports,Land  Ports,Land Ports, 1.00 ,
3030,"Pasco, Washington",Land Ports,Land  Ports,Land Ports, 1.00 ,
5752,"Pasco Washington Border Patrol, Richland, Washington",Land Ports,Land  Ports,Land Ports, 1.00 ,
3019,"Oroville, Washington",Land Ports,Land  Ports,Land Ports, 1.00 ,
5753,"Oroville Washington Border Patrol, Oroville, Washington",Land Ports,Land  Ports,Land Ports, 1.00 ,
3026,"Olympia, Washington",Seattle-Tacoma,West,Pacific Northwest, 1.00 ,
3011,"Nighthawk, Washington",Land Ports,Land  Ports,Land Ports, 1.00 ,
3025,"Metaline Falls, Washington",Land Ports,Land  Ports,Land Ports, 1.00 ,
3023,"Lynden, Washington",Land Ports,Land  Ports,Land Ports, 1.00 ,
3052,"Lynden Washington Border Patrol, Lynden, Washington",Land Ports,Land  Ports,Land Ports, 1.00 ,
2905,"Longview, Washington",Columbia River,West,Pacific Northwest, 1.00 ,
3016,"Laurier, Washington",Land Ports,Land  Ports,Land Ports, 1.00 ,
3018,"Kenmore Air Harbor, Washington",Land Ports,Land  Ports,Land Ports, 1.00 ,
2909,"Kalama, Washington",Columbia River,West,Pacific Northwest, 1.00 ,
3082,"Grant County Airport, Moses Lake, Washington",Land Ports,Land  Ports,Land Ports, 1.00 ,
3020,"Frontier, Washington",Land Ports,Land  Ports,Land Ports, 1.00 ,
3014,"Friday Harbor, Washington",Seattle-Tacoma,West,Pacific Northwest, 1.00 ,
3013,"Ferry, Washington",Land Ports,Land  Ports,Land Ports, 1.00 ,
3006,"Everett, Washington",Seattle-Tacoma,West,Pacific Northwest, 1.00 ,
7541,"Dublin, IE Preclearance, Washington, DC",Land Ports,Land  Ports,Land Ports, 1.00 ,
3073,"DHL Worldwide Express, Seatac, Washington",Land Ports,Land  Ports,Land Ports, 1.00 ,
3012,"Danville, Washington",Land Ports,Land  Ports,Land Ports, 1.00 ,
5759,"Curlew Washington Border Patrol, Curlew, Washington",Land Ports,Land  Ports,Land Ports, 1.00 ,
5755,"Colville Washington Border Patrol, Colville, Washington",Land Ports,Land  Ports,Land Ports, 1.00 ,
7425,"CBP, Punta Cana International Preclearance, Washington, DC",Land Ports,Land  Ports,Land Ports, 1.00 ,
7423,"CBP, Nassau Preclearance, Washington, DC",Land Ports,Land  Ports,Land Ports, 1.00 ,
3101,"Juneau, Alaska","Alaska, US Islands","Alaska, US Islands","Alaska, US Islands", 1.00 ,
3102,"Ketchikan, Alaska","Alaska, US Islands","Alaska, US Islands","Alaska, US Islands", 1.00 ,
3103,"Skagway, Alaska","Alaska, US Islands","Alaska, US Islands","Alaska, US Islands", 1.00 ,
3104,"Alcan, Alaska",Land Ports,Land  Ports,Land Ports, 1.00 ,
3105,"Wrangell, Alaska",Land Ports,Land  Ports,Land Ports, 1.00 ,
3106,"Dalton Cache, Alaska",Land Ports,Land  Ports,Land Ports, 1.00 ,
3111,"Fairbanks, Alaska","Alaska, US Islands","Alaska, US Islands","Alaska, US Islands", 1.00 ,
3115,"Sitka, Alaska","Alaska, US Islands","Alaska, US Islands","Alaska, US Islands", 1.00 ,
3124,"Pelican, Alaska",Land Ports,Land  Ports,Land Ports, 1.00 ,
3126,"Anchorage, Alaska","Alaska, US Islands","Alaska, US Islands","Alaska, US Islands", 1.00 ,
3181,"Saint Paul Airport, Anchorage, Alaska",Land Ports,Land  Ports,Land Ports, 1.00 ,
3195,"Federal Express Courier Hub, Anchorage, Alaska",Land Ports,Land  Ports,Land Ports, 1.00 ,
3196,"UPS Courier Hub, Anchorage, Alaska",Land Ports,Land  Ports,Land Ports, 1.00 ,
3201,"Honolulu, Hawaii","Alaska, US Islands","Alaska, US Islands","Alaska, US Islands", 1.00 ,
3202,"Hilo, Hawaii","Alaska, US Islands","Alaska, US Islands","Alaska, US Islands", 1.00 ,
3203,"Kahului, Hawaii","Alaska, US Islands","Alaska, US Islands","Alaska, US Islands", 1.00 ,
3204,"Nawiliwili-Port Allen, Hawaii",Land Ports,Land  Ports,Land Ports, 1.00 ,
3205,"Honolulu International Airport, Honolulu, Hawaii",Land Ports,Land  Ports,Land Ports, 1.00 ,
3206,"Kona, Hawaii","Alaska, US Islands","Alaska, US Islands","Alaska, US Islands", 1.00 ,
3207,"Guam Preclearance, Tamuning, Guam",Land Ports,Land  Ports,Land Ports, 1.00 ,
3208,"North Mariana Island, Guam","Alaska, US Islands","Alaska, US Islands","Alaska, US Islands", 1.00 ,
3209,"American Samoa, Guam","Alaska, US Islands","Alaska, US Islands","Alaska, US Islands", 1.00 ,
3210,"Guam, Maite, Guam","Alaska, US Islands","Alaska, US Islands","Alaska, US Islands", 1.00 ,
3211,"Saipan, Tamuning, Guam","Alaska, US Islands","Alaska, US Islands","Alaska, US Islands", 1.00 ,
3212,"Tinian, Tamuning, Guam","Alaska, US Islands","Alaska, US Islands","Alaska, US Islands", 1.00 ,
3213,"Rota, Tamuning, Guam","Alaska, US Islands","Alaska, US Islands","Alaska, US Islands", 1.00 ,
3279,"FedEx ECCF, Honolulu, Hawaii",Land Ports,Land  Ports,Land Ports, 1.00 ,
3301,"Raymond, Montana",Land Ports,Land  Ports,Land Ports, 1.00 ,
3302,"Eastport, Idaho",Land Ports,Land  Ports,Land Ports, 1.00 ,
3303,"Salt Lake City, Utah",Land Ports,Land  Ports,Land Ports, 1.00 ,
3304,"Great Falls, Montana",Land Ports,Land  Ports,Land Ports, 1.00 ,
3305,"Butte, Montana",Land Ports,Land  Ports,Land Ports, 1.00 ,
3306,"Turner, Montana",Land Ports,Land  Ports,Land Ports, 1.00 ,
3307,"Denver, Colorado",Land Ports,Land  Ports,Land Ports, 1.00 ,
3308,"Porthill, Idaho",Land Ports,Land  Ports,Land Ports, 1.00 ,
3309,"Scobey, Montana",Land Ports,Land  Ports,Land Ports, 1.00 ,
3310,"Sweetgrass, Montana",Land Ports,Land  Ports,Land Ports, 1.00 ,
3316,"Piegan, Montana",Land Ports,Land  Ports,Land Ports, 1.00 ,
3317,"Opheim, Montana",Land Ports,Land  Ports,Land Ports, 1.00 ,
3318,"Roosville, Montana",Land Ports,Land  Ports,Land Ports, 1.00 ,
3319,"Morgan, Montana",Land Ports,Land  Ports,Land Ports, 1.00 ,
3321,"Whitlash, Montana",Land Ports,Land  Ports,Land Ports, 1.00 ,
3322,"Del Bonita, Montana",Land Ports,Land  Ports,Land Ports, 1.00 ,
3323,"Wildhorse, Montana",Land Ports,Land  Ports,Land Ports, 1.00 ,
3324,"Kalispell Airport, Montana",Land Ports,Land  Ports,Land Ports, 1.00 ,
3325,"Willow Creek, Montana",Land Ports,Land  Ports,Land Ports, 1.00 ,
3326,"Billings, Montana",Land Ports,Land  Ports,Land Ports, 1.00 ,
3327,"Vancouver, BC, Canada",Land Ports,Land  Ports,Land Ports, 1.00 ,
3328,"Calgary, Alberta, Canada",Land Ports,Land  Ports,Land Ports, 1.00 ,
3329,"Edmonton, Alberta, Canada",Land Ports,Land  Ports,Land Ports, 1.00 ,
3348,"Helena, Montana",Land Ports,Land  Ports,Land Ports, 1.00 ,
3350,"Border Patrol Sector HQ, Havre, Montana",Land Ports,Land  Ports,Land Ports, 1.00 ,
3351,"Havre Montana Border Patrol, Havre, Montana",Land Ports,Land  Ports,Land Ports, 1.00 ,
3352,"Malta Montana Border Patrol, Malta, Montana",Land Ports,Land  Ports,Land Ports, 1.00 ,
3353,"Billings Border Patrol, Billings Montana",Land Ports,Land  Ports,Land Ports, 1.00 ,
3354,"Twin Falls Border Patrol, Twin Falls, Idaho",Land Ports,Land  Ports,Land Ports, 1.00 ,
3355,"Shelby Montana Border Patrol, Shelby, Montana",Land Ports,Land  Ports,Land Ports, 1.00 ,
3356,"Sweetgrass Montana Border Patrol, Sweetgrass, Montana",Land Ports,Land  Ports,Land Ports, 1.00 ,
3357,"St. Mary Montana Border Patrol, Babb, Montana",Land Ports,Land  Ports,Land Ports, 1.00 ,
3358,"Plentywood Montana Border Patrol, Plentywood, Montana",Land Ports,Land  Ports,Land Ports, 1.00 ,
3359,"Scobey Montana Border Patrol, Scobey, Montana",Land Ports,Land  Ports,Land Ports, 1.00 ,
3381,"Missoula User Fee Airport, Missoula, Montana",Land Ports,Land  Ports,Land Ports, 1.00 ,
3383,"Jeffco User Fee Airport, Broofield, Colorado",Land Ports,Land  Ports,Land Ports, 1.00 ,
3384,"Centennial Airport, Englewood, Colorado",Land Ports,Land  Ports,Land Ports, 1.00 ,
3385,"Eagle County Regional Airport, Gypsum, Colorado",Land Ports,Land  Ports,Land Ports, 1.00 ,
3386,"Bozeman Yellowstone User Fee Airport, Belgrade, Montana",Land Ports,Land  Ports,Land Ports, 1.00 ,
3401,"Pembina, North Dakota",Land Ports,Land  Ports,Land Ports, 1.00 ,
3403,"Portal, North Dakota",Land Ports,Land  Ports,Land Ports, 1.00 ,
3404,"Neche, North Dakota",Land Ports,Land  Ports,Land Ports, 1.00 ,
3405,"St. John, North Dakota",Land Ports,Land  Ports,Land Ports, 1.00 ,
3406,"Northgate, North Dakota",Land Ports,Land  Ports,Land Ports, 1.00 ,
3407,"Walhalla, North Dakota",Land Ports,Land  Ports,Land Ports, 1.00 ,
3408,"Hannah, North Dakota",Land Ports,Land  Ports,Land Ports, 1.00 ,
3409,"Sarles, North Dakota",Land Ports,Land  Ports,Land Ports, 1.00 ,
3410,"Ambrose, North Dakota",Land Ports,Land  Ports,Land Ports, 1.00 ,
3411,"Fargo International Airport, North Dakota",Land Ports,Land  Ports,Land Ports, 1.00 ,
3412,"Fargo, Grand Forks, North Dakota",Land Ports,Land  Ports,Land Ports, 1.00 ,
3413,"Antler, North Dakota",Land Ports,Land  Ports,Land Ports, 1.00 ,
3414,"Sherwood, North Dakota",Land Ports,Land  Ports,Land Ports, 1.00 ,
3415,"Hansboro, North Dakota",Land Ports,Land  Ports,Land Ports, 1.00 ,
3416,"Maida, North Dakota",Land Ports,Land  Ports,Land Ports, 1.00 ,
3417,"Fortuna, North Dakota",Land Ports,Land  Ports,Land Ports, 1.00 ,
3419,"Westhope, North Dakota",Land Ports,Land  Ports,Land Ports, 1.00 ,
3420,"Noonan, North Dakota",Land Ports,Land  Ports,Land Ports, 1.00 ,
3421,"Carbury, North Dakota",Land Ports,Land  Ports,Land Ports, 1.00 ,
3422,"Dunseith, North Dakota",Land Ports,Land  Ports,Land Ports, 1.00 ,
3423,"Warroad, Minnesota",Land Ports,Land  Ports,Land Ports, 1.00 ,
3424,"Baudette, Minnesota",Land Ports,Land  Ports,Land Ports, 1.00 ,
3425,"Pinecreek, Minnesota",Land Ports,Land  Ports,Land Ports, 1.00 ,
3426,"Roseau, Minnesota",Land Ports,Land  Ports,Land Ports, 1.00 ,
3427,"Grand Forks Airport, Grand Forks, North Dakota",Land Ports,Land  Ports,Land Ports, 1.00 ,
3428,"Winnipeg International Airport, Winnipeg, Canada",Land Ports,Land  Ports,Land Ports, 1.00 ,
3429,"Crane Lake, Minnesota",Land Ports,Land  Ports,Land Ports, 1.00 ,
3430,"Lancaster, Minnesota",Land Ports,Land  Ports,Land Ports, 1.00 ,
3431,"Minot, North Dakota",Land Ports,Land  Ports,Land Ports, 1.00 ,
3432,"Grand Forks, North Dakota",Land Ports,Land  Ports,Land Ports, 1.00 ,
3433,"Williston Airport, Williston, North Dakota",Land Ports,Land  Ports,Land Ports, 1.00 ,
3434,"Minot Airport, Minot, North Dakota",Land Ports,Land  Ports,Land Ports, 1.00 ,
3450,"Border Patrol Sector HQ, Grand Forks, North Dakota",Land Ports,Land  Ports,Land Ports, 1.00 ,
3451,"Grand Forks Border Patrol, Grand Forks, North Dakota",Land Ports,Land  Ports,Land Ports, 1.00 ,
3452,"Portal North Dakota Border Patrol, Portal, North Dakota",Land Ports,Land  Ports,Land Ports, 1.00 ,
3453,"Bottineau Border Patrol, Bottineau, North Dakota",Land Ports,Land  Ports,Land Ports, 1.00 ,
3454,"Pembina (Noyes) Border Patrol, Hallock, Minnesota",Land Ports,Land  Ports,Land Ports, 1.00 ,
3455,"International Falls Border Patrol, International Falls, Minnesota",Land Ports,Land  Ports,Land Ports, 1.00 ,
3456,"Warroad Border Patrol, Warroad, Minnesota",Land Ports,Land  Ports,Land Ports, 1.00 ,
3457,"Duluth Border Patrol, Duluth, Minnesota",Land Ports,Land  Ports,Land Ports, 1.00 ,
3458,"Grand Marais Border Patrol, Grand Marais, Minnesota",Land Ports,Land  Ports,Land Ports, 1.00 ,
3499,"Pembina Cartage Control, Pembina, North Dakota",Land Ports,Land  Ports,Land Ports, 1.00 ,
3501,"Minneapolis-St. Paul, Minnesota",Land Ports,Land  Ports,Land Ports, 1.00 ,
3502,"Sioux Falls, South Dakota",Land Ports,Land  Ports,Land Ports, 1.00 ,
3503,"Rapid City, South Dakota",Land Ports,Land  Ports,Land Ports, 1.00 ,
3505,"Cedar Rapids, Iowa",Land Ports,Land  Ports,Land Ports, 1.00 ,
3507,"Grand Island, Nebraska",Land Ports,Land  Ports,Land Ports, 1.00 ,
3508,"North Platte, Nebraska",Land Ports,Land  Ports,Land Ports, 1.00 ,
3510,"Duluth, Wisconsin",Duluth,Great Lakes,Great Lakes, 1.00 ,
3511,"Ashland, Wisconsin",Duluth,Great Lakes,Great Lakes, 1.00 ,
3512,"Omaha, Nebraska",Land Ports,Land  Ports,Land Ports, 1.00 ,
3513,"Des Moines, Iowa",Land Ports,Land  Ports,Land Ports, 1.00 ,
3581,"Rochester, Minnesota User Fee Airport",Land Ports,Land  Ports,Land Ports, 1.00 ,
3604,"International Falls, Minnesota",Land Ports,Land  Ports,Land Ports, 1.00 ,
3613,"Grand Portage, Minnesota",Land Ports,Land  Ports,Land Ports, 1.00 ,
3701,"Milwaukee, Wisconsin",Detroit-Milwaukee,Great Lakes,Great Lakes, 1.00 ,
3702,"Marinette, Wisconsin",Detroit-Milwaukee,Great Lakes,Great Lakes, 1.00 ,
3703,"Green Bay, Wisconsin",Detroit-Milwaukee,Great Lakes,Great Lakes, 1.00 ,
3706,"Manitowoc, Wisconsin",Detroit-Milwaukee,Great Lakes,Great Lakes, 1.00 ,
3707,"Sheboygan, Wisconsin",Detroit-Milwaukee,Great Lakes,Great Lakes, 1.00 ,
3708,"Racine, Wisconsin",Detroit-Milwaukee,Great Lakes,Great Lakes, 1.00 ,
3781,"Appleton International Airport, Appleton, Wisconsin",Land Ports,Land  Ports,Land Ports, 1.00 ,
3801,"Detroit, Michigan",Land Ports,Land  Ports,Land Ports, 1.00 ,
3802,"Port Huron, Michigan",Land Ports,Land  Ports,Land Ports, 1.00 ,
3803,"Sault Ste Marie, Michigan",Land Ports,Land  Ports,Land Ports, 1.00 ,
3804,"Saginaw/Bay City, Michigan",Land Ports,Land  Ports,Land Ports, 1.00 ,
3805,"Battle Creek, Michigan",Land Ports,Land  Ports,Land Ports, 1.00 ,
3806,"Grand Rapids, Michigan",Land Ports,Land  Ports,Land Ports, 1.00 ,
3807,"Detroit Metropolitan Airport, Michigan",Land Ports,Land  Ports,Land Ports, 1.00 ,
3808,"Escanaba, Michigan",Detroit-Milwaukee,Great Lakes,Great Lakes, 1.00 ,
3809,"Marquette, Michigan",Land Ports,Land  Ports,Land Ports, 1.00 ,
3814,"Algonac, Michigan",Land Ports,Land  Ports,Land Ports, 1.00 ,
3815,"Muskegon, Michigan",Detroit-Milwaukee,Great Lakes,Great Lakes, 1.00 ,
3816,"Grand Haven, Michigan",Land Ports,Land  Ports,Land Ports, 1.00 ,
3818,"Rogers City, Michigan",Land Ports,Land  Ports,Land Ports, 1.00 ,
3819,"Detour City, Michigan",Land Ports,Land  Ports,Land Ports, 1.00 ,
3822,"South Haven, Michigan",Land Ports,Land  Ports,Land Ports, 1.00 ,
3842,"Presque Island, Michigan",Land Ports,Land  Ports,Land Ports, 1.00 ,
3843,"Alpena, Michigan",Land Ports,Land  Ports,Land Ports, 1.00 ,
3850,"Border Patrol Sector HQ, Selfridge Angb, Michigan",Land Ports,Land  Ports,Land Ports, 1.00 ,
3851,"Detroit Border Patrol, Detroit, Michigan",Land Ports,Land  Ports,Land Ports, 1.00 ,
3852,"Sault Ste Marie Border Patrol, Sault Ste Marie, Michigan",Land Ports,Land  Ports,Land Ports, 1.00 ,
3853,"Trenton Border Patrol, Trenton, Michigan",Land Ports,Land  Ports,Land Ports, 1.00 ,
3854,"Port Huron Border Patrol, Marysville, Michigan",Land Ports,Land  Ports,Land Ports, 1.00 ,
3855,"Grand Rapids Border Patrol, Holland, Michigan",Land Ports,Land  Ports,Land Ports, 1.00 ,
3881,"Oakland County International Airport, Detroit, Michigan",Land Ports,Land  Ports,Land Ports, 1.00 ,
3882,"Willow Run Airport, Ypsilanti, Michigan",Land Ports,Land  Ports,Land Ports, 1.00 ,
3901,"Chicago, Illinois, including O’Hare International Airport",Detroit-Milwaukee,Great Lakes,Great Lakes, 1.00 ,
3902,"Peoria, Illinois",Land Ports,Land  Ports,Land Ports, 1.00 ,
3905,"Gary, Indiana",Detroit-Milwaukee,Great Lakes,Great Lakes, 1.00 ,
3908,"Davenport, Iowa - Rock Island, Milan, Illinois",Land Ports,Land  Ports,Land Ports, 1.00 ,
3909,"Rockford Airport, Rockford, Illinois",Land Ports,Land  Ports,Land Ports, 1.00 ,
3910,"Midway International Airport, Chicago, Illinois",Land Ports,Land  Ports,Land Ports, 1.00 ,
3911,"Springfield, Illinois",Land Ports,Land  Ports,Land Ports, 1.00 ,
3971,"Fedex ECCF, Chicago, Illinois",Land Ports,Land  Ports,Land Ports, 1.00 ,
3972,"IBC ECCF, Chicago, Illinois",Land Ports,Land  Ports,Land Ports, 1.00 ,
3984,"Dupage Airport Authority, West Chicago, Illinois",Land Ports,Land  Ports,Land Ports, 1.00 ,
3991,"DHL Chicago Hub, Chicago, Illinois",Land Ports,Land  Ports,Land Ports, 1.00 ,
401,"Boston, Massachusetts",Boston,East,North Atlantic, 1.00 ,
402,"Springfield, Massachusetts",Land Ports,Land  Ports,Land Ports, 1.00 ,
403,"Worcester, Massachusetts",Boston,East,North Atlantic, 1.00 ,
404,"Gloucester, Massachusetts",Boston,East,North Atlantic, 1.00 ,
405,"New Bedford, Massachusetts",Boston,East,North Atlantic, 1.00 ,
406,"Plymouth, Massachusetts",Boston,East,North Atlantic, 1.00 ,
407,"Fall River, Massachusetts",Boston,East,North Atlantic, 1.00 ,
408,"Beverly, Massachusetts",Land Ports,Land  Ports,Land Ports, 1.00 ,
410,"Bridgeport, Connecticut",New York ,East,North Atlantic, 1.00 ,
4101,"Cleveland, Ohio",Toledo-Cleveland,Great Lakes,Great Lakes, 1.00 ,
4102,"Cincinnati, Ohio",Toledo-Cleveland,Great Lakes,Great Lakes, 1.00 ,
4103,"Columbus, Ohio",Toledo-Cleveland,Great Lakes,Great Lakes, 1.00 ,
4104,"Dayton, Ohio",Toledo-Cleveland,Great Lakes,Great Lakes, 1.00 ,
4105,"Toledo, Ohio",Toledo-Cleveland,Great Lakes,Great Lakes, 1.00 ,
4106,"Erie, Pennsylvania",Toledo-Cleveland,Great Lakes,Great Lakes, 1.00 ,
4107,"Northern Kentucky, Fort Mitchell, KY",Land Ports,Land  Ports,Land Ports, 1.00 ,
411,"Hartford, Connecticut",New York ,East,North Atlantic, 1.00 ,
4110,"Indianapolis, Indiana",Detroit-Milwaukee,Great Lakes,Great Lakes, 1.00 ,
4115,"Louisville, Kentucky",Land Ports,Land  Ports,Land Ports, 1.00 ,
4116,"Owensboro-Evansville, Indiana",Land Ports,Land  Ports,Land Ports, 1.00 ,
412,"New Haven, Connecticut",New York ,East,North Atlantic, 1.00 ,
4122,"Ashtabula/Conneaut, Ohio",Toledo-Cleveland,Great Lakes,Great Lakes, 1.00 ,
413,"New London, Connecticut",New York ,East,North Atlantic, 1.00 ,
4130,"London, Kentucky",Land Ports,Land  Ports,Land Ports, 1.00 ,
4131,"Bowling Green, Kentucky",Land Ports,Land  Ports,Land Ports, 1.00 ,
416,"Lawrence, Massachusetts",Land Ports,Land  Ports,Land Ports, 1.00 ,
417,"Logan Airport, East Boston, Massachusetts",Land Ports,Land  Ports,Land Ports, 1.00 ,
4183,"Fort Wayne Airport, Fort Wayne, Indiana",Land Ports,Land  Ports,Land Ports, 1.00 ,
4184,"Blue Grass Airport, Lexington, Kentucky",Land Ports,Land  Ports,Land Ports, 1.00 ,
4196,"UPS Courier Hub, Louisville, Kentucky",Land Ports,Land  Ports,Land Ports, 1.00 ,
4197,"DHL Courier Hub, Cincinnati, Ohio",Land Ports,Land  Ports,Land Ports, 1.00 ,
4198,"Federal Express Hub, Indianapolis, Indiana",Land Ports,Land  Ports,Land Ports, 1.00 ,
4501,"Kansas City, Missouri",Land Ports,Land  Ports,Land Ports, 1.00 ,
4502,"St. Joseph, Missouri",Land Ports,Land  Ports,Land Ports, 1.00 ,
4503,"St. Louis, Missouri",Land Ports,Land  Ports,Land Ports, 1.00 ,
4504,"Wichita, Kansas",Land Ports,Land  Ports,Land Ports, 1.00 ,
4505,"Springfield, Missouri",Land Ports,Land  Ports,Land Ports, 1.00 ,
4507,"Kansas City Smart Port, Kansas City, Kansas",Land Ports,Land  Ports,Land Ports, 1.00 ,
4581,"MidAmerica Airport, Mascoutah, Illinois",Land Ports,Land  Ports,Land Ports, 1.00 ,
4601,"New York/Newark Area, Newark, New Jersey",Land Ports,Land  Ports,Land Ports, 1.00 ,
4602,"Perth Amboy, New Jersey",New York ,East,North Atlantic, 1.00 ,
4670,"UPS ECCF, Newark, New Jersey",Land Ports,Land  Ports,Land Ports, 1.00 ,
4671,"Federal Express ECCF, Newark, New Jersey",Land Ports,Land  Ports,Land Ports, 1.00 ,
4681,"Morristown Airport, Morristown, New Jersey",Land Ports,Land  Ports,Land Ports, 1.00 ,
4682,"Stewart International Airport UFF, New Windsor, New York",Land Ports,Land  Ports,Land Ports, 1.00 ,
4701,"John F. Kennedy Airport, Jamaica, New York",Land Ports,Land  Ports,Land Ports, 1.00 ,
4771,"NYACC ECCF, Jamaica, New York",Land Ports,Land  Ports,Land Ports, 1.00 ,
4772,"DHL Airways, Jamaica, New York",Land Ports,Land  Ports,Land Ports, 1.00 ,
4773,"Micom ECCF, Jamaica, New York",Land Ports,Land  Ports,Land Ports, 1.00 ,
4774,"IBC ECCF, Jamaica, New York",Land Ports,Land  Ports,Land Ports, 1.00 ,
4778,"Fedex Corp JFK ECCF, Jamaica, New York",Land Ports,Land  Ports,Land Ports, 1.00 ,
481,"Hanscom User Fee Airport, Bedford, Massachusetts",Land Ports,Land  Ports,Land Ports, 1.00 ,
4901,"Aguadilla, Puerto Rico","Alaska, US Islands","Alaska, US Islands","Alaska, US Islands", 1.00 ,
4904,"Fajardo, Puerto Rico","Alaska, US Islands","Alaska, US Islands","Alaska, US Islands", 1.00 ,
4907,"Mayaguez, Puerto Rico","Alaska, US Islands","Alaska, US Islands","Alaska, US Islands", 1.00 ,
4908,"Ponce, Puerto Rico","Alaska, US Islands","Alaska, US Islands","Alaska, US Islands", 1.00 ,
4909,"San Juan, Puerto Rico","Alaska, US Islands","Alaska, US Islands","Alaska, US Islands", 1.00 ,
4913,"San Juan International Airport, Old San Juan, Puerto Rico",Land Ports,Land  Ports,Land Ports, 1.00 ,
4950,"Border Patrol Sector HQ, Aguadilla, Puerto Rico",Land Ports,Land  Ports,Land Ports, 1.00 ,
4951,"Ramey Puerto Rico Border Patrol, Aguadilla, Puerto Rico",Land Ports,Land  Ports,Land Ports, 1.00 ,
501,"Newport, Rhode Island",New York ,East,North Atlantic, 1.00 ,
502,"Providence, Rhode Island",New York ,East,North Atlantic, 1.00 ,
503,"Mellville, Rhode Island",New York ,East,North Atlantic, 1.00 ,
5101,"Charlotte Amalie, St. Thomas, Virgin Islands","Alaska, US Islands","Alaska, US Islands","Alaska, US Islands", 1.00 ,
5102,"Cruz Bay, St. John, Virgin Islands","Alaska, US Islands","Alaska, US Islands","Alaska, US Islands", 1.00 ,
5104,"Christiansted, St. Croix, Virgin Islands","Alaska, US Islands","Alaska, US Islands","Alaska, US Islands", 1.00 ,
5105,"Frederiksted, St. Croix, Virgin Islands","Alaska, US Islands","Alaska, US Islands","Alaska, US Islands", 1.00 ,
5201,"Miami, Florida",South Florida,East,South Atlantic, 1.00 ,
5202,"Key West, Florida",Land Ports,Land Ports,Land Ports, 1.00 ,
5203,"Port Everglades, Florida",South Florida,East,South Atlantic, 1.00 ,
5204,"West Palm Beach, Florida",South Florida,East,South Atlantic, 1.00 ,
5205,"Fort Pierce, Florida",Land Ports,Land Ports,Land Ports, 1.00 ,
5206,"Miami International Airport, Miami, Florida",Land Ports,Land  Ports,Land Ports, 1.00 ,
5210,"Fort Lauderdale International Airport, Fort Lauderdale, Florida",Land Ports,Land  Ports,Land Ports, 1.00 ,
5211,"Key Largo, Florida",Land Ports,Land Ports,Land Ports, 1.00 ,
5212,"Pembroke Pines, Florida",Land Ports,Land  Ports,Land Ports, 1.00 ,
5250,"Border Patrol Sector HQ, Pembroke Pines, Florida",Land Ports,Land  Ports,Land Ports, 1.00 ,
5251,"Miami Border Patrol, Pembroke Pines, Florida",Land Ports,Land  Ports,Land Ports, 1.00 ,
5252,"West Palm Beach Border Patrol, West Palm Beach, Florida",Land Ports,Land  Ports,Land Ports, 1.00 ,
5253,"Marathon Border Patrol, Marathon, Florida",Land Ports,Land  Ports,Land Ports, 1.00 ,
5255,"Miami Alternate, Miami, Florida",Land Ports,Land  Ports,Land Ports, 1.00 ,
5274,"Fedex Corp Miami ECCF, Miami, Florida",Land Ports,Land  Ports,Land Ports, 1.00 ,
5281,"Marathon International Airport, Marathon, Florida",Land Ports,Land  Ports,Land Ports, 1.00 ,
5282,"Boca Raton Airport, Boca Raton, Florida",Land Ports,Land  Ports,Land Ports, 1.00 ,
5283,"Witham Field GAF, Stuart, Florida",Land Ports,Land  Ports,Land Ports, 1.00 ,
5295,"UPS Hub Miami International Airport, Miami, Florida",Land Ports,Land  Ports,Land Ports, 1.00 ,
5296,"DHL Worldwide Express Hub, Miami, Florida",Land Ports,Land  Ports,Land Ports, 1.00 ,
5297,"Fedex Courier Hub, Miami, Florida",Land Ports,Land  Ports,Land Ports, 1.00 ,
5298,"IBC Courier Hub, Miami, Florida",Land Ports,Land  Ports,Land Ports, 1.00 ,
5301,"Houston, Texas",Houston,Gulf,North Texas, 1.00 ,
5306,"Texas City, Texas",Houston,Gulf,North Texas, 1.00 ,
5309,"Houston George Bush Intercontinental Airport, Houston, Texas",Land Ports,Land  Ports,Land Ports, 1.00 ,
5310,"Galveston, Texas",Houston,Gulf,North Texas, 1.00 ,
5311,"Freeport, Texas",Houston,Gulf,North Texas, 1.00 ,
5312,"Corpus Christi, Texas",South Texas,Gulf,South Texas, 1.00 ,
5313,"Port Lavaca, Texas",South Texas,Gulf,South Texas, 1.00 ,
5314,"Hobby International Airport, Houston, Texas",Land Ports,Land  Ports,Land Ports, 1.00 ,
5315,"Ellington Field, Houston, Texas",Land Ports,Land  Ports,Land Ports, 1.00 ,
5381,"Sugar Land Regional Airport, Sugar Land, Texas",Land Ports,Land  Ports,Land Ports, 1.00 ,
5382,"Conroe-North, Conroe, Texas",Land Ports,Land  Ports,Land Ports, 1.00 ,
5401,"Washington, District of Columbia",Land Ports,Land  Ports,Land Ports, 1.00 ,
5402,"Reagan National (DCA), Arlington, Virginia",Land Ports,Land  Ports,Land Ports, 1.00 ,
5501,"Dallas/Ft. Worth Airport, Texas",Land Ports,Land  Ports,Land Ports, 1.00 ,
5502,"Amarillo, Texas",Land Ports,Land  Ports,Land Ports, 1.00 ,
5503,"Lubbock, Texas",Land Ports,Land  Ports,Land Ports, 1.00 ,
5504,"Oklahoma City, Oklahoma",Land Ports,Land  Ports,Land Ports, 1.00 ,
5505,"Tulsa, Oklahoma",Land Ports,Land  Ports,Land Ports, 1.00 ,
5506,"Austin, Texas",Land Ports,Land  Ports,Land Ports, 1.00 ,
5507,"San Antonio, Texas",Land Ports,Land  Ports,Land Ports, 1.00 ,
5520,"Abilene, Texas",Land Ports,Land  Ports,Land Ports, 1.00 ,
5521,"San Angelo, Texas",Land Ports,Land  Ports,Land Ports, 1.00 ,
5550,"Border Patrol Sector HQ, Marfa, Texas",Land Ports,Land  Ports,Land Ports, 1.00 ,
5551,"Lubbock Border Patrol, Lubbock, Texas",Land Ports,Land  Ports,Land Ports, 1.00 ,
5552,"Amarillo Border Patrol, Amarillo, Texas",Land Ports,Land  Ports,Land Ports, 1.00 ,
5553,"Presidio Texas Border Patrol, Presidio, Texas",Land Ports,Land  Ports,Land Ports, 1.00 ,
5554,"Marfa Texas Border Patrol, Marfa, Texas",Land Ports,Land  Ports,Land Ports, 1.00 ,
5555,"Pecos Texas Border Patrol, Pecos, Texas",Land Ports,Land  Ports,Land Ports, 1.00 ,
5556,"Fort Stockton Border Patrol, Fort Stockton, Texas",Land Ports,Land  Ports,Land Ports, 1.00 ,
5557,"Sanderson Texas Border Patrol, Sanderson, Texas",Land Ports,Land  Ports,Land Ports, 1.00 ,
5558,"Alpine Texas Border Patrol, Alpine, Texas",Land Ports,Land  Ports,Land Ports, 1.00 ,
5559,"Big Bend Border Patrol, Big Bend, Texas",Land Ports,Land  Ports,Land Ports, 1.00 ,
5560,"Sierra Blanca Border Patrol, Sierra Blanca, Texas",Land Ports,Land  Ports,Land Ports, 1.00 ,
5561,"Van Horn Texas Border Patrol, Van Horn, Texas",Land Ports,Land  Ports,Land Ports, 1.00 ,
5562,"Midland Texas Border Patrol, Midland, Texas",Land Ports,Land  Ports,Land Ports, 1.00 ,
5582,"Midland International Airport, Midland, Texas",Land Ports,Land  Ports,Land Ports, 1.00 ,
5583,"Fort Worth Alliance Airport, Fort Worth, Texas",Land Ports,Land  Ports,Land Ports, 1.00 ,
5584,"Addison Airport, Addison, Texas",Land Ports,Land  Ports,Land Ports, 1.00 ,
5585,"Collin County Regional Airport, McKinney, Texas",Land Ports,Land  Ports,Land Ports, 1.00 ,
5586,"Ardmore Municipal Airport, Ardmore, Oklahoma",Land Ports,Land  Ports,Land Ports, 1.00 ,
5587,"Kelly Field Annex, San Antonio, Texas",Land Ports,Land  Ports,Land Ports, 1.00 ,
5588,"Dallas Love Field, Dallas, Texas",Land Ports,Land  Ports,Land Ports, 1.00 ,
5589,"Meacham International Airport, Fort Worth, Texas",Land Ports,Land  Ports,Land Ports, 1.00 ,
5650,"Border Patrol Sector HQ, Chula Vista, California",Land Ports,Land  Ports,Land Ports, 1.00 ,
5651,"San Clemente Border Patrol, California",Land Ports,Land  Ports,Land Ports, 1.00 ,
5652,"Temecula Border Patrol, California",Land Ports,Land  Ports,Land Ports, 1.00 ,
5653,"Brown Field Border Patrol, San Diego, California",Land Ports,Land  Ports,Land Ports, 1.00 ,
5654,"Chula Vista Border Patrol, California",Land Ports,Land  Ports,Land Ports, 1.00 ,
5655,"Campo (Area II) Border Patrol, Campo, California",Land Ports,Land  Ports,Land Ports, 1.00 ,
5656,"Boulevard California Border Patrol, Boulevard, California",Land Ports,Land  Ports,Land Ports, 1.00 ,
5657,"El Cajon (Area I) Border Patrol, El Cajon, California",Land Ports,Land  Ports,Land Ports, 1.00 ,
5658,"Imperial Beach Border Patrol, California",Land Ports,Land  Ports,Land Ports, 1.00 ,
7424,"CBP, Aruba Preclearance, Washington, DC",Land Ports,Land  Ports,Land Ports, 1.00 ,
7928,"CBP Winnipeg Preclearance, Washington, DC",Land Ports,Land  Ports,Land Ports, 1.00 ,
7930,"CBP Victoria Preclearance, Washington, DC",Land Ports,Land  Ports,Land Ports, 1.00 ,
7922,"CBP Vancouver Preclearance, Washington, DC",Land Ports,Land  Ports,Land Ports, 1.00 ,
7926,"CBP Toronto Preclearance, Washington, DC",Land Ports,Land  Ports,Land Ports, 1.00 ,
7929,"CBP Ottawa Preclearance, Washington, DC",Land Ports,Land  Ports,Land Ports, 1.00 ,
5756,"Bonners Ferry Idaho Border Patrol, Bonners Ferry, Idaho",Land Ports,Land  Ports,Land Ports, 1.00 ,
5757,"Whitefish Montana Border Patrol, Whitefish, Montana",Land Ports,Land  Ports,Land Ports, 1.00 ,
5758,"Eureka Montana Border Patrol, Eureka, Montana",Land Ports,Land  Ports,Land Ports, 1.00 ,
7925,"CBP Montreal Preclearance, Washington, DC",Land Ports,Land  Ports,Land Ports, 1.00 ,
701,"Ogdensburg, New York",Toledo-Cleveland,Great Lakes,Great Lakes, 1.00 ,
704,"Massena, New York",Land Ports,Land  Ports,Land Ports, 1.00 ,
706,"Cape Vincent, New York",Land Ports,Land  Ports,Land Ports, 1.00 ,
708,"Alexandria Bay, New York",Land Ports,Land  Ports,Land Ports, 1.00 ,
709,"Burke, New York",Land Ports,Land  Ports,Land Ports, 1.00 ,
7100,"Northeast Region, Boston, Massachusetts",Land Ports,Land  Ports,Land Ports, 1.00 ,
712,"Champlain-Rouses Point, New York",Land Ports,Land  Ports,Land Ports, 1.00 ,
7121,"Montreal Quebec Canada, Montreal, Canada",Land Ports,Land  Ports,Land Ports, 1.00 ,
7122,"Toronto Ontario Canada, Toronto, Canada",Land Ports,Land  Ports,Land Ports, 1.00 ,
714,"Clayton, New York",Land Ports,Land  Ports,Land Ports, 1.00 ,
715,"Trout River, New York",Land Ports,Land  Ports,Land Ports, 1.00 ,
7400,"Southeast Region, Miami, Florida",Land Ports,Land  Ports,Land Ports, 1.00 ,
7401,"CBP St. Thomas Preclearance, St. Thomas, Virgin Islands",Land Ports,Land  Ports,Land Ports, 1.00 ,
7404,"CBP St. Croix Preclearance, St. Croix, Virgin Islands",Land Ports,Land  Ports,Land Ports, 1.00 ,
7931,"CBP Halifax Nova Scotia Preclearance, Washington, DC",Land Ports,Land  Ports,Land Ports, 1.00 ,
7422,"CBP Freeport Preclearance, Washington, DC",Land Ports,Land  Ports,Land Ports, 1.00 ,
7924,"CBP Edmonton Preclearance, Washington, DC",Land Ports,Land  Ports,Land Ports, 1.00 ,
7923,"CBP Calgary Preclearance, Washington, DC",Land Ports,Land  Ports,Land Ports, 1.00 ,
7421,"CBP Bermuda Preclearance, Washington, DC",Land Ports,Land  Ports,Land Ports, 1.00 ,
7500,"South Central Region, New Orleans, Louisiana",Land Ports,Land  Ports,Land Ports, 1.00 ,
7543,"CBP Abu Dhabi Preclearance, Washington, DC",Land Ports,Land  Ports,Land Ports, 1.00 ,
3015,"Boundary, Washington",Land Ports,Land  Ports,Land Ports, 1.00 ,
5750,"Border Patrol Sector HQ, Spokane, Washington",Land Ports,Land  Ports,Land Ports, 1.00 ,
7600,"Southwest Region, Houston, Texas",Land Ports,Land  Ports,Land Ports, 1.00 ,
7700,"Pacific Region, Long Beach, California",Land Ports,Land  Ports,Land Ports, 1.00 ,
7728,"Pacific Region, San Francisco, California",Land Ports,Land  Ports,Land Ports, 1.00 ,
7729,"Pacific Region, San Francisco, California",Land Ports,Land  Ports,Land Ports, 1.00 ,
781,"Plattsburgh International Airport, Plattsburgh, New York",Land Ports,Land  Ports,Land Ports, 1.00 ,
7900,"CBP North Central Region, Chicago, Illinois",Land Ports,Land  Ports,Land Ports, 1.00 ,
3050,"Border Patrol Sector HQ, Blaine, Washington",Land Ports,Land  Ports,Land Ports, 1.00 ,
3004,"Blaine, Washington",Seattle-Tacoma,West,Pacific Northwest, 1.00 ,
3051,"Blaine Washington Border Patrol, Blaine, Washington",Land Ports,Land  Ports,Land Ports, 1.00 ,
3005,"Bellingham, Washington",Seattle-Tacoma,West,Pacific Northwest, 1.00 ,
3053,"Bellingham Border Patrol, Bellingham, Washington",Land Ports,Land  Ports,Land Ports, 1.00 ,
3072,"Avion Brokers @ Seatac, Seatac, Washington",Land Ports,Land  Ports,Land Ports, 1.00 ,
3010,"Anacortes, Washington",Seattle-Tacoma,West,Pacific Northwest, 1.00 ,
3074,"Airborne Express @ Seatac, Seatac, Washington",Land Ports,Land  Ports,Land Ports, 1.00 ,
3003,"Aberdeen, Washington",Seattle-Tacoma,West,Pacific Northwest, 1.00 ,
799,"Champlain-Cartage Cont, Champlain, New York",Land Ports,Land  Ports,Land Ports, 1.00 ,
901,"Buffalo-Niagara Falls, New York",Land Ports,Land  Ports,Land Ports, 1.00 ,
903,"Rochester, New York",Land Ports,Land  Ports,Land Ports, 1.00 ,
904,"Oswego, New York",Toledo-Cleveland,Great Lakes,Great Lakes, 1.00 ,
905,"Sodus Point, New York",Land Ports,Land  Ports,Land Ports, 1.00 ,
906,"Syracuse, New York",Land Ports,Land  Ports,Land Ports, 1.00 ,
921,"Northeast Region, Boston Massachusetts",Land Ports,Land  Ports,Land Ports, 1.00 ,
9232,"Calgary, Alberta",Land Ports,Land  Ports,Land Ports, 1.00 ,
950,"Border Patrol Sector, Tonawanda, New York",Land Ports,Land  Ports,Land Ports, 1.00 ,
951,"Buffalo Border Patrol, Tonawanda, New York",Land Ports,Land  Ports,Land Ports, 1.00 ,
952,"Niagara Falls Border Patrol Station, Niagara Falls, New York",Land Ports,Land  Ports,Land Ports, 1.00 ,
953,"Watertown Border Patrol, Wellesley Island, New York",Land Ports,Land  Ports,Land Ports, 1.00 ,
954,"Fulton New York Border Patrol, Fulton, New York",Land Ports,Land  Ports,Land Ports, 1.00 ,
981,"Binghamton Regional Airport, New York",Land Ports,Land  Ports,Land Ports, 1.00 ,
