Code,Sked_D_E,Port_Consolidated,Port_Coast,Port_Region, Action ,Note,Sked_D,Action
1103,"Wilmington, Delaware",Delaware River,East,Mid-Atlantic,1,,"WILMINGTON, DE",
1307,"Dover, Delaware",Land Ports,Land  Ports,Land Ports,1,,,
1001,"New York, New York",New York ,East,North Atlantic,1,,"NEW YORK, NY",
0982,"Griffiss International User Fee Airport, Rome, New York",Land Ports,Land  Ports,Land Ports,1,,,
1002,"Albany, New York",New York ,East,North Atlantic,1,,"ALBANY, NY",
1005,"Long Island, New York",Land Ports,Land  Ports,Land Ports,1,,,
1006,"Fishkill, New York",Land Ports,Land  Ports,Land Ports,1,,,
1007,"Napanoch, New York",Land Ports,Land  Ports,Land Ports,1,,,
0101,"Portland, Maine",Boston,East,North Atlantic,1,,"PORTLAND, ME",
0102,"Bangor, Maine",Boston,East,North Atlantic,1,,"BANGOR, ME",
0103,"Eastport, Maine",Boston,East,North Atlantic,1,,"EASTPORT, ME",
0104,"Jackman, Maine",Land Ports,Land  Ports,Land Ports,1,,"JACKMAN, ME",
0105,"Vanceboro, Maine",Land Ports,Land  Ports,Land Ports,1,,"VANCEBORO, ME",
0106,"Houlton, Maine",Land Ports,Land  Ports,Land Ports,1,,"HOULTON, ME",
0107,"Fort Fairfield, Maine",Land Ports,Land  Ports,Land Ports,1,,"FORT FAIRFIELD, ME",
0108,"Van Buren, Maine",Land Ports,Land  Ports,Land Ports,1,,"VAN BUREN, ME",
0109,"Madawaska, Maine",Land Ports,Land  Ports,Land Ports,1,,"MADAWASKA, ME",
0110,"Fort Kent, Maine",Land Ports,Land  Ports,Land Ports,1,,"FORT KENT, ME",
1101,"Philadelphia, Pennsylvania",Delaware River,East,Mid-Atlantic,1,,"PHILADELPHIA, PA",
1102,"Chester, Pennsylvania",Delaware River,East,Mid-Atlantic,1,,"CHESTER, PA",
1104,"Pittsburgh, Pennsylvania",Land Ports,Land  Ports,Land Ports,1,,"PITTSBURGH, PA",
1106,"Wilkes-Barre/Scranton, Pennsylvania",Land Ports,Land  Ports,Land Ports,1,,"WILKES-BARRE/SCRANTON, PA",
1108,"Philadelphia International Airport, Philadelphia, Pennsylvania",Land Ports,Land  Ports,Land Ports,1,,"PHILA. INTL. AIRPORT, PA",
1109,"Harrisburg, Pennsylvania",Land Ports,Land  Ports,Land Ports,1,,"HARRISBURG, PA",
0111,"Bath, Maine",Boston,East,North Atlantic,1,,"BATH, ME",
1110,"Cherry Hill, New Jersey",Land Ports,Land  Ports,Land Ports,1,,,
1119,"Allentown, Pennsylvania",Land Ports,Land  Ports,Land Ports,1,,"ALLENTOWN, PA (LEHIGH VALLEY INTL AIRPT)",
0112,"Bar Harbor, Maine",Land Ports,Land  Ports,Land Ports,1,,"BAR HARBOR, ME",
0114,"Manchester, New Hampshire",Land Ports,Land  Ports,Land Ports,1,,,
0115,"Calais, Maine",Land Ports,Land  Ports,Land Ports,1,,"CALAIS, ME",
0118,"Limestone, Maine",Land Ports,Land  Ports,Land Ports,1,,"LIMESTONE, ME",
1182,"Atlantic City User Fee Airport, New Jersey",Land Ports,Land  Ports,Land Ports,1,,"ATLANTIC CITY USER FEE REGIONAL AIRPORT, NJ",
1183,"Trenton/Mercer County User Fee Airport, New Jersey",Land Ports,Land  Ports,Land Ports,1,,"TRENTON/MERCER COUNTY USER FEE AIRPORT, NJ",
1195,"UPS Courier Hub Facility, Philadelphia, Pennsylvania",Land Ports,Land  Ports,Land Ports,1,,"UPS, PHILADELPHIA, PA",
0121,"Rockland, Maine",Land Ports,Land  Ports,Land Ports,1,,"ROCKLAND, ME",
0122,"Jonesport, Maine",Land Ports,Land  Ports,Land Ports,1,,"JONESPORT, ME",
0127,"Bridgewater, Maine",Land Ports,Land  Ports,Land Ports,1,,"BRIDGEWATER, ME",
1301,"Annapolis, Maryland",Baltimore,East,Mid-Atlantic,1,,"ANNAPOLIS, MD",
1302,"Cambridge, Maryland",Land Ports,Land  Ports,Land Ports,1,,"CAMBRIDGE, MD",
1303,"Baltimore, Maryland",Baltimore,East,Mid-Atlantic,1,,"BALTIMORE, MD",
1304,"Crisfield, Maryland",Land Ports,Land  Ports,Land Ports,1,,"CRISFIELD, MD",
1305,"Baltimore-Washington International Airport, Baltimore, Maryland",Land Ports,Land  Ports,Land Ports,1,,"BALTIMORE-WASHINGTON INTL AIRPORT, MD",
0131,"Portsmouth, New Hampshire",New York ,East,North Atlantic,1,,"PORTSMOUTH, NH",
1401,"Norfolk, Virginia",Hampton Roads,East,Mid-Atlantic,1,,"NORFOLK-NEWPORT NEWS, VA",
1404,"Richmond-Petersburg, Virginia",Hampton Roads,East,Mid-Atlantic,1,,"RICHMOND-PETERSBURG, VA",
1405,"Harrisonburg, Virginia",Land Ports,Land  Ports,Land Ports,1,,,
1409,"Charleston, West Virginia",Land Ports,Land  Ports,Land Ports,1,,"CHARLESTON, WV",
1410,"Front Royal, Virginia",Land Ports,Land  Ports,Land Ports,1,,"FRONT ROYAL, VA",
1411,"Fraudulent Document Lab, McLean, Virginia",Land Ports,Land  Ports,Land Ports,1,,,
0150,"Border Patrol Sector, Hodgdon, Maine",Land Ports,Land  Ports,Land Ports,1,,,
1501,"Wilmington, North Carolina",North Carolina Ports,East,South Atlantic,1,,"WILMINGTON, NC",
1502,"Winston-Salem, North Carolina",Land Ports,Land  Ports,Land Ports,1,,"WINSTON-SALEM, NC",
1503,"Durham, North Carolina",Land Ports,Land  Ports,Land Ports,1,,"DURHAM, NC",
0151,"Houlton Border Patrol, Houlton, Maine",Land Ports,Land  Ports,Land Ports,1,,,
1511,"Beaufort-Morehead City, North Carolina",North Carolina Ports,East,South Atlantic,1,,"BEAUFORT-MOREHEAD CITY,NC",
1512,"Charlotte, North Carolina",Land Ports,Land  Ports,Land Ports,1,,"CHARLOTTE, NC",
0152,"Searsport, Maine",Boston,East,North Atlantic,1,,"SEARSPORT, ME",
0153,"Jackman Border Patrol, Jackman, Maine",Land Ports,Land  Ports,Land Ports,1,,,
0154,"Rangeley Border Patrol, Rangeley, Maine",Land Ports,Land  Ports,Land Ports,1,,,
0155,"Van Buren Border Patrol, Van Buren, Maine",Land Ports,Land  Ports,Land Ports,1,,,
0156,"Fort Fairfield Border Patrol, Fort Fairfield, Maine",Land Ports,Land  Ports,Land Ports,1,,,
0157,"Calais Border Patrol, Calais, Maine",Land Ports,Land  Ports,Land Ports,1,,,
1581,"Charlotte-Monroe User Fee Airport, Monroe, North Carolina",Land Ports,Land  Ports,Land Ports,1,,,
1601,"Charleston, South Carolina",South Carolina Ports,East,South Atlantic,1,,"CHARLESTON, SC",
1602,"Georgetown, South Carolina",South Carolina Ports,East,South Atlantic,1,,"GEORGETOWN, SC",
1603,"Greenville-Spartanburg, South Carolina",Land Ports,Land  Ports,Land Ports,1,,"GREENVILLE-SPARTANBRG, SC",
1604,"Columbia, South Carolina",Land Ports,Land  Ports,Land Ports,1,,"COLUMBIA, SC",
1608,"Greer, South Carolina",Land Ports,Land  Ports,Land Ports,1,,,
1681,"Myrtle Beach International Airport, Myrtle Beach, South Carolina",Land Ports,Land  Ports,Land Ports,1,,"MYRTLE BEACH INTL AIRPORT, SC",
1701,"Brunswick, Georgia",Georgia Ports,East,South Atlantic,1,,"BRUNSWICK, GA",
1703,"Savannah, Georgia",Georgia Ports,East,South Atlantic,1,,"SAVANNAH, GA",
1704,"Atlanta, Georgia",Land Ports,Land  Ports,Land Ports,1,,"ATLANTA, GA",
1705,"Albany, Georgia",Land Ports,Land  Ports,Land Ports,1,,,
1706,"Dalton, Georgia",Land Ports,Land  Ports,Land Ports,1,,,
1709,"Hartsfield Airport, Atlanta, Georgia",Land Ports,Land  Ports,Land Ports,1,,,
1755,"Port for Tracking, Savannah, Georgia",Land Ports,Land  Ports,Land Ports,1,,,
1758,"Olympics Security, Atlanta, Georgia",Land Ports,Land  Ports,Land Ports,1,,,
1759,"Atlanta-Olympics, Atlanta, Georgia",Land Ports,Land  Ports,Land Ports,1,,,
1781,"Cobb County International Airport, Kenshaw, Georgia",Land Ports,Land  Ports,Land Ports,1,,,
1801,"Tampa, Florida",Tampa,Gulf,Gulf East,1,,"TAMPA, FL",
1803,"Jacksonville, Florida",North Florida,East,South Atlantic,1,,"JACKSONVILLE, FL",
1804,"Tallahassee, Florida",Land Ports,Land  Ports,Land Ports,1,,,
1805,"Fernandina Beach, Florida",North Florida,East,South Atlantic,1,,"FERNANDINA BEACH, FL",
1807,"Boca Grande, Florida",Land Ports,Land  Ports,Land Ports,1,,"BOCA GRANDE, FL",
1808,"Orlando, Florida",Land Ports,Land  Ports,Land Ports,1,,"ORLANDO, FL",
1809,"Orlando-Sanford Airport, Sanford, Florida",Land Ports,Land  Ports,Land Ports,1,,"ORLANDO-SANFORD AIRPORT, FL",
1811,"Sarasota/Bradenton, Manatee, Florida",Land Ports,Land  Ports,Land Ports,1,,,
1814,"St. Petersburg, Florida",Land Ports,Land  Ports,Land Ports,1,,"ST. PETERSBURG, FL",
1816,"Port Canaveral, Florida",North Florida,East,South Atlantic,1,,"PORT CANAVERAL, FL",
1818,"Panama City, Florida",Mobile,Gulf,Gulf East,1,,"PANAMA CITY, FL",
1819,"Pensacola, Florida",Mobile,Gulf,Gulf East,1,,"PENSACOLA, FL",
0182,"Manchester User Fee Airport, New Hampshire",Land Ports,Land  Ports,Land Ports,1,,"MANCHESTER USER FEE AIRPORT, NH",
1820,"Port St. Joe, Florida",Land Ports,Land  Ports,Land Ports,1,,,
1821,"Port Manatee, Florida",Tampa,Gulf,Gulf East,1,,"PORT MANATEE, FL",
1822,"Fort Myers, Florida",Land Ports,Land  Ports,Land Ports,1,,"FORT MYERS AIRPORT, FL",
1851,"Tampa Border Patrol, Tampa, Florida",Land Ports,Land  Ports,Land Ports,1,,,
1852,"Jacksonville Border Patrol, Jacksonville, Florida",Land Ports,Land  Ports,Land Ports,1,,,
1853,"Orlando Border Patrol, Orlando, Florida",Land Ports,Land  Ports,Land Ports,1,,,
1880,"Naples Municipal Airport, Naples, Florida",Land Ports,Land  Ports,Land Ports,1,,"NAPLES MUNICIPAL USER FEE AIRP, FL",
1881,"Lakeland Linder Airport, Lakeland, Florida",Land Ports,Land  Ports,Land Ports,1,,,
1883,"Sarasota-Bradenton Airport, Sarasota, Florida",Land Ports,Land  Ports,Land Ports,1,,"SARASOTA BRADENTON ARPT, FL",
1884,"Daytona Beach International Airport, Daytona Beach, Florida",Land Ports,Land  Ports,Land Ports,1,,"DAYTONA BEACH INT'L ARPT, FL",
1885,"Melbourne Regional Airport, Melbourne, Florida",Land Ports,Land  Ports,Land Ports,1,,"MELBOURNE REGIONAL AIRPORT, FL",
1887,"Leesburg Regional Airport, Leesburg, Florida",Land Ports,Land  Ports,Land Ports,1,,"LEESBURG REGIONAL AIRP, LEESBURG, FL",
1888,"Orlando Executive Airport, Orlando, Florida",Land Ports,Land  Ports,Land Ports,1,,"ORLANDO EXECUTIVE AIRPORT, FL",
1889,"St. Augustine Airport (User Fee Airport), St Augustine, Florida",Land Ports,Land  Ports,Land Ports,1,,"ST. AUGUSTINE AIRPORT, FL",
1901,"Mobile, Alabama",Mobile,Gulf,Gulf East,1,,"MOBILE, AL",
1902,"Gulfport, Mississippi",Mobile,Gulf,Gulf East,1,,"GULFPORT, MS",
1903,"Pascagoula, Mississippi",Mobile,Gulf,Gulf East,1,,"PASCAGOULA, MS",
1904,"Birmingham, Alabama",Land Ports,Land  Ports,Land Ports,1,,"BIRMINGHAM, AL",
1905,"Apalachicola, Florida",Land Ports,Land  Ports,Land Ports,1,,,
1906,"Carrabelle, Florida",Land Ports,Land  Ports,Land Ports,1,,,
1910,"Huntsville, Alabama",Land Ports,Land  Ports,Land Ports,1,,"HUNTSVILLE, AL",
1951,"Gulfport Border Patrol, Gulfport, Mississippi",Land Ports,Land  Ports,Land Ports,1,,,
1952,"Mobile Border Patrol, Mobile, Alabama",Land Ports,Land  Ports,Land Ports,1,,,
2001,"Morgan City, Louisiana",New Orleans,Gulf,Gulf East,1,,"MORGAN CITY, LA",
2002,"New Orleans, Louisiana",New Orleans,Gulf,Gulf East,1,,"NEW ORLEANS, LA",
2003,"Little Rock, Arkansas",Land Ports,Land  Ports,Land Ports,1,,"LITTLE ROCK, AR",
2004,"Baton Rouge, Louisiana",New Orleans,Gulf,Gulf East,1,,"BATON ROUGE, LA",
2006,"Memphis, Tennessee",Land Ports,Land  Ports,Land Ports,1,,"MEMPHIS, TN",
2007,"Nashville, Tennessee",Land Ports,Land  Ports,Land Ports,1,,"NASHVILLE, TN",
2008,"Chattanooga, Tennessee",Land Ports,Land  Ports,Land Ports,1,,"CHATTANOOGA, TN",
0201,"St. Albans, Vermont",Land Ports,Land  Ports,Land Ports,1,,"ST. ALBANS, VT",
2010,"Gramercy, Louisiana",New Orleans,Gulf,Gulf East,1,,"GRAMERCY, LA",
2011,"Greenville, Mississippi",Land Ports,Land  Ports,Land Ports,1,,"GREENVILLE, MS",
2015,"Vicksburg, Mississippi (Include Jackson Municipal Airport)",Land Ports,Land  Ports,Land Ports,1,,"VICKSBURG, MS",
2016,"Knoxville, Tennessee",Land Ports,Land  Ports,Land Ports,1,,"KNOXVILLE, TN",
2017,"Lake Charles, Louisiana",Lake Charles,Gulf,Gulf East,1,,"LAKE CHARLES, LA",
2018,"Shreveport-Bossier City, Louisiana",Land Ports,Land  Ports,Land Ports,1,,"SHREVEPORT/BOSSIER CITY, LA",
2021,"Houma, Louisiana",Land Ports,Land  Ports,Land Ports,1,,,
2023,"Lafayette, Louisiana",Land Ports,Land  Ports,Land Ports,1,,,
2024,"Ft. Smith, Arkansas",Land Ports,Land  Ports,Land Ports,1,,,
2025,"Fayetteville, Arkansas",Land Ports,Land  Ports,Land Ports,1,,,
2026,"Texarkana, Arkansas",Land Ports,Land  Ports,Land Ports,1,,,
2027,"Tri-City Airport, Blountville, Tennessee",Land Ports,Land  Ports,Land Ports,1,,"TRI-CITIES AIRPORT, TN",
0203,"Richford, Vermont",Land Ports,Land  Ports,Land Ports,1,,"RICHFORD, VT",
2050,"Border Patrol Sector HQ, New Orleans, Louisiana",Land Ports,Land  Ports,Land Ports,1,,,
2051,"Lake Charles Border Patrol, Lake Charles, Louisiana",Land Ports,Land  Ports,Land Ports,1,,,
2052,"Baton Rouge Border Patrol, Baton Rouge, Louisiana",Land Ports,Land  Ports,Land Ports,1,,,
2053,"New Orleans Border Patrol, New Orleans, Louisiana",Land Ports,Land  Ports,Land Ports,1,,,
2054,"Little Rock Border Patrol, Little Rock, Arkansas",Land Ports,Land  Ports,Land Ports,1,,,
0206,"Beecher Falls, Vermont",Land Ports,Land  Ports,Land Ports,1,,"BEECHER FALLS, VT",
0207,"Burlington, Vermont",Land Ports,Land  Ports,Land Ports,1,,"BURLINGTON, VT",
2081,"Jackson Airport, Jackson, Mississippi",Land Ports,Land  Ports,Land Ports,1,,,
2084,"Rogers Municipal Airport, Rogers, Arkansas",Land Ports,Land  Ports,Land Ports,1,,,
0209,"Derby Line, Vermont",Land Ports,Land  Ports,Land Ports,1,,"DERBY LINE, VT",
2095,"Federal Express Courier, Memphis, Tennessee",Land Ports,Land  Ports,Land Ports,1,,"FEDEX, MEMPHIS, TN",
0210,"Newport, Vermont",Land Ports,Land  Ports,Land Ports,1,,,
2101,"Port Arthur, Texas",Sabine River,Gulf,North Texas,1,,"PORT ARTHUR, TX",
2102,"Sabine, Texas",Sabine River,Gulf,North Texas,1,,"SABINE, TX",
2103,"Orange, Texas",Sabine River,Gulf,North Texas,1,,"ORANGE, TX",
2104,"Beaumont, Texas",Sabine River,Gulf,North Texas,1,,"BEAUMONT, TX",
0211,"Norton, Vermont",Land Ports,Land  Ports,Land Ports,1,,"NORTON, VT",
0212,"Highgate Springs/Alburg, Vermont",Land Ports,Land  Ports,Land Ports,1,,"HIGHGATE SPRINGS/ALBURG, VT",
0214,"Swanton, Vermont",Land Ports,Land  Ports,Land Ports,1,,,
2150,"Border Patrol Sector HQ, Yuma, Arizona",Land Ports,Land  Ports,Land Ports,1,,,
2151,"Blythe California Border Patrol, Blythe, California",Land Ports,Land  Ports,Land Ports,1,,,
2152,"Yuma Arizona Border Patrol, Yuma, Arizona",Land Ports,Land  Ports,Land Ports,1,,,
2153,"Wellton Arizona Border Patrol, Wellton, Arizona",Land Ports,Land  Ports,Land Ports,1,,,
0221,"Northeast Region, Boston, Massachusetts",Land Ports,Land  Ports,Land Ports,1,,,
2250,"Border Patrol Sector HQ, Laredo, Texas",Land Ports,Land  Ports,Land Ports,1,,,
2251,"Laredo Del Mar Border Patrol, Laredo, Texas",Land Ports,Land  Ports,Land Ports,1,,,
2252,"Cotulla Texas Border Patrol, Cotulla, Texas",Land Ports,Land  Ports,Land Ports,1,,,
2253,"Hebbronville Texas Border Patrol, Hebbronville, Texas",Land Ports,Land  Ports,Land Ports,1,,,
2254,"Laredo South Border Patrol, Laredo, Texas",Land Ports,Land  Ports,Land Ports,1,,,
2255,"Dallas Border Patrol, Euless, Texas",Land Ports,Land  Ports,Land Ports,1,,,
2256,"Freer Texas Border Patrol, Freer, Texas",Land Ports,Land  Ports,Land Ports,1,,,
2257,"San Antonio Border Patrol, San Antonio, Texas",Land Ports,Land  Ports,Land Ports,1,,,
2258,"Zapata Texas Border Patrol, Zapata, Texas",Land Ports,Land  Ports,Land Ports,1,,,
2259,"Laredo West Station, Laredo, Texas",Land Ports,Land  Ports,Land Ports,1,,,
2301,"Brownsville, Texas",South Texas,Gulf,South Texas,1,,"BROWNSVILLE, TX",
2302,"Del Rio, Texas",Land Ports,Land  Ports,Land Ports,1,,"DEL RIO, TX",
2303,"Eagle Pass, Texas",Land Ports,Land  Ports,Land Ports,1,,"EAGLE PASS, TX",
2304,"Laredo, Texas",Land Ports,Land  Ports,Land Ports,1,,"LAREDO, TX",
2305,"Hidalgo, Texas",Land Ports,Land  Ports,Land Ports,1,,"HIDALGO, PHARR, TX",
2307,"Rio Grande City, Texas",Land Ports,Land  Ports,Land Ports,1,,"RIO GRANDE CITY, TX",
2309,"Progreso, Texas",Land Ports,Land  Ports,Land Ports,1,,"PROGRESO, TX",
2310,"Roma, Texas",Land Ports,Land  Ports,Land Ports,1,,"ROMA, TX",
2330,"Harlingen, Texas",Land Ports,Land  Ports,Land Ports,1,,,
2350,"Border Patrol Sector HQ, Del Rio, Texas",Land Ports,Land  Ports,Land Ports,1,,,
2351,"Comstock Border Patrol, Comstock, Texas",Land Ports,Land  Ports,Land Ports,1,,,
2352,"Carrizo Springs Border Patrol, Carrizo Springs, Texas",Land Ports,Land  Ports,Land Ports,1,,,
2353,"Del Rio Border Patrol, Del Rio, Texas",Land Ports,Land  Ports,Land Ports,1,,,
2354,"Eagle Pass Border Patrol, Eagle Pass, Texas",Land Ports,Land  Ports,Land Ports,1,,,
2355,"Brackettville Border Patrol, Brackettville, Texas",Land Ports,Land  Ports,Land Ports,1,,,
2356,"Uvalde Texas Border Patrol, Uvalde, Texas",Land Ports,Land  Ports,Land Ports,1,,,
2357,"Rocksprings Border Patrol, Rocksprings, Texas",Land Ports,Land  Ports,Land Ports,1,,,
2358,"Llano Texas Border Patrol, Llano, Texas",Land Ports,Land  Ports,Land Ports,1,,,
2359,"San Angelo Border Patrol, San Angelo, Texas",Land Ports,Land  Ports,Land Ports,1,,,
2360,"Abilene Texas Border Patrol, Abilene, Texas",Land Ports,Land  Ports,Land Ports,1,,,
2361,"Border Patrol Sector HQ, McAllen, Texas",Land Ports,Land  Ports,Land Ports,1,,,
2362,"Mercedes Border Patrol, Weslaco, Texas",Land Ports,Land  Ports,Land Ports,1,,,
2363,"Falfurrias  Border Patrol, Falfurrias, Texas",Land Ports,Land  Ports,Land Ports,1,,,
2364,"Rio Grande City Border Patrol, Rio Grande City, Texas",Land Ports,Land  Ports,Land Ports,1,,,
2365,"McAllen Border Patrol, McAllen, Texas",Land Ports,Land  Ports,Land Ports,1,,,
2366,"Brownsville Border Patrol, Brownsville, Texas",Land Ports,Land  Ports,Land Ports,1,,,
2367,"Harlingen Border Patrol, Harlingen, Texas",Land Ports,Land  Ports,Land Ports,1,,,
2368,"Kingsville Border Patrol, Kingsville, Texas",Land Ports,Land  Ports,Land Ports,1,,,
2369,"Fort Brown Border Patrol, Brownsville, Texas",Land Ports,Land  Ports,Land Ports,1,,,
2370,"Corpus Christie Border Patrol, Corpus Christie, Texas",Land Ports,Land  Ports,Land Ports,1,,,
2377,"Harlingen # Valley International, Harlingen, Texas",Land Ports,Land  Ports,Land Ports,1,,,
2383,"Valley International User Fee Airport, Harlingen, Texas",Land Ports,Land  Ports,Land Ports,1,,"VALLEY INTL AIRPORT, HARLINGEN, TX",
2393,"Brownsville-Cartage Control, Brownsville, Texas",Land Ports,Land  Ports,Land Ports,1,,,
2396,"San Antonio-Cartage Control, San Antonio, Texas",Land Ports,Land  Ports,Land Ports,1,,,
2397,"Roma-Cartage Control, Roma, Texas",Land Ports,Land  Ports,Land Ports,1,,,
2398,"Hidalgo Cartage Control, Pharr, Texas",Land Ports,Land  Ports,Land Ports,1,,,
2401,Area Port of Ysleta,Land Ports,Land  Ports,Land Ports,1,,"YSLETA, TX",
2402,"El Paso, Texas",Land Ports,Land  Ports,Land Ports,1,,"EL PASO, TX",
2403,"Presidio, Texas",Land Ports,Land  Ports,Land Ports,1,,"PRESIDIO, TX",
2404,"Tornillo, Texas",Land Ports,Land  Ports,Land Ports,1,,"FABENS, TX",
2406,"Columbus, New Mexico",Land Ports,Land  Ports,Land Ports,1,,"COLUMBUS, NM",
2407,"Albuquerque, New Mexico",Land Ports,Land  Ports,Land Ports,1,,"ALBUQUERQUE, NM",
2408,"Santa Teresa, New Mexico",Land Ports,Land  Ports,Land Ports,1,,"SANTA TERESA, NM",
2409,"Fort Hancock, Texas",Land Ports,Land  Ports,Land Ports,1,,,
2410,"Boquillas, Texas",Land Ports,Land  Ports,Land Ports,1,,,
2420,"Deming, New Mexico",Land Ports,Land  Ports,Land Ports,1,,,
2421,"Las Cruces, New Mexico",Land Ports,Land  Ports,Land Ports,1,,,
2422,"Alamogordo, New Mexico",Land Ports,Land  Ports,Land Ports,1,,,
2423,"Carlsbad, New Mexico",Land Ports,Land  Ports,Land Ports,1,,,
2424,"Alpine, Texas",Land Ports,Land  Ports,Land Ports,1,,,
2425,"Midland, Texas",Land Ports,Land  Ports,Land Ports,1,,,
2426,"Van Horn, Texas",Land Ports,Land  Ports,Land Ports,1,,,
2427,"Marfa, Texas",Land Ports,Land  Ports,Land Ports,1,,,
2450,"Border Patrol Sector HQ, El Paso, Texas",Land Ports,Land  Ports,Land Ports,1,,,
2451,"Lordsburg New Mexico Border Patrol, Lordsburg, New Mexico",Land Ports,Land  Ports,Land Ports,1,,,
2452,"Truth or Cons Border Patrol, Truth or Cons, New Mexico",Land Ports,Land  Ports,Land Ports,1,,,
2453,"Las Cruces Border Patrol, Las Cruces, New Mexico",Land Ports,Land  Ports,Land Ports,1,,,
2454,"El Paso Border Patrol, El Paso, Texas",Land Ports,Land  Ports,Land Ports,1,,,
2455,"Fabens Texas Border Patrol, Fabens, Texas",Land Ports,Land  Ports,Land Ports,1,,,
2456,"Alamogordo Border Patrol, Alamogordo, New Mexico",Land Ports,Land  Ports,Land Ports,1,,,
2457,"Fort Hancock Texas Border Patrol, Fort Hancock, Texas",Land Ports,Land  Ports,Land Ports,1,,,
2458,"Carlsbad New Mexico Border Patrol, Carlsbad, New Mexico",Land Ports,Land  Ports,Land Ports,1,,,
2459,"Deming New Mexico Border Patrol, Deming, New Mexico",Land Ports,Land  Ports,Land Ports,1,,,
2460,"Silver City New Mexico Border Patrol, Silver City, New Mexico",Land Ports,Land  Ports,Land Ports,1,,,
2461,"Ysleta Border Patrol, El Paso, Texas",Land Ports,Land  Ports,Land Ports,1,,,
2462,"Albuquerque Border Patrol, Albuquerque, New Mexico",Land Ports,Land  Ports,Land Ports,1,,,
2463,"Santa Teresa Border Patrol, Santa Teresa, New Mexico",Land Ports,Land  Ports,Land Ports,1,,,
2481,"Santa Teresa Airport, Santa Teresa, New Mexico",Land Ports,Land  Ports,Land Ports,1,,"SANTA TERESA AIRPORT, NM",
2482,"Roswell Industrial Airport, Roswell, New Mexico",Land Ports,Land  Ports,Land Ports,1,,,
2499,"El Paso Cartage Control, El Paso, Texas",Land Ports,Land  Ports,Land Ports,1,,,
0250,"Border Patrol Sector, Swanton, Vermont",Land Ports,Land  Ports,Land Ports,1,,,
2501,"San Diego, California",LA-Long Beach,West,California,1,,"SAN DIEGO, CA",
2502,"Andrade, California",Land Ports,Land  Ports,Land Ports,1,,"ANDRADE, CA",
2503,"Calexico, California",Land Ports,Land  Ports,Land Ports,1,,"CALEXICO, CA",
2504,"San Ysidro, California",Land Ports,Land  Ports,Land Ports,1,,SAN YSIDRO,
2505,"Tecate, California",Land Ports,Land  Ports,Land Ports,1,,"TECATE, CA",
2506,"Otay Mesa, California",Land Ports,Land  Ports,Land Ports,1,,OTAY MESA,
2507,"Calexico-East, California",Land Ports,Land  Ports,Land Ports,1,,CALEXICO-EAST,
0251,"Swanton Border Patrol, Swanton, Vermont",Land Ports,Land  Ports,Land Ports,1,,,
0252,"Richford Border Patrol, Richford, Vermont",Land Ports,Land  Ports,Land Ports,1,,,
2520,"Oceanside, California",Land Ports,Land  Ports,Land Ports,1,,,
2521,"El Centro, Oceanside, California",Land Ports,Land  Ports,Land Ports,1,,,
0253,"Newport Vermont Border Patrol, Newport, Vermont",Land Ports,Land  Ports,Land Ports,1,,,
0254,"Beecher Falls Border Patrol, Beecher Falls, Vermont",Land Ports,Land  Ports,Land Ports,1,,,
0255,"Champlain Border Patrol, Champlain, New York",Land Ports,Land  Ports,Land Ports,1,,,
2550,"Border Patrol Sector HQ, El Centro, California",Land Ports,Land  Ports,Land Ports,1,,,
2551,"Indio California Border Patrol, Indio, California",Land Ports,Land  Ports,Land Ports,1,,,
2552,"El Centro California Border Patrol, El Centro, California",Land Ports,Land  Ports,Land Ports,1,,,
2553,"Riverside California Border Patrol, Riverside, California",Land Ports,Land  Ports,Land Ports,1,,,
2554,"Calexico California Border Patrol, Calexico, California",Land Ports,Land  Ports,Land Ports,1,,,
0256,"Ogdensburg Border Patrol, Ogdensburg, New York",Land Ports,Land  Ports,Land Ports,1,,,
0257,"Massena Border Patrol, Massena, New York",Land Ports,Land  Ports,Land Ports,1,,,
0258,"Burke New York Border Patrol, Burke, New York",Land Ports,Land  Ports,Land Ports,1,,,
2582,"Otay-Cross Border User Fee Airport, San Diego, California",Land Ports,Land  Ports,Land Ports,1,,,
2601,"Douglas, Arizona",Land Ports,Land  Ports,Land Ports,1,,"DOUGLAS, AZ",
2602,"Lukeville, Arizona",Land Ports,Land  Ports,Land Ports,1,,"LUKEVILLE, AZ",
2603,"Naco, Arizona",Land Ports,Land  Ports,Land Ports,1,,"NACO, AZ",
2604,"Nogales, Arizona",Land Ports,Land  Ports,Land Ports,1,,"NOGALES, AZ",
2605,"Phoenix, Arizona",Land Ports,Land  Ports,Land Ports,1,,"PHOENIX, AZ",
2606,"Sasabe, Arizona",Land Ports,Land  Ports,Land Ports,1,,"SASABE, AZ",
2607,"Sells, Arizona",Land Ports,Land  Ports,Land Ports,1,,,
2608,"San Luis, Arizona",Land Ports,Land  Ports,Land Ports,1,,"SAN LUIS, AZ",
2609,"Tucson, Arizona",Land Ports,Land  Ports,Land Ports,1,,"TUCSON, AZ",
2610,"Sierra Vista, Arizona",Land Ports,Land  Ports,Land Ports,1,,,
2611,"Yuma, Arizona",Land Ports,Land  Ports,Land Ports,1,,,
2620,"Flagstaff, Arizona",Land Ports,Land  Ports,Land Ports,1,,,
2621,"Kingman, Arizona",Land Ports,Land  Ports,Land Ports,1,,,
2650,"Border Patrol Sector HQ, Tucson, Arizona",Land Ports,Land  Ports,Land Ports,1,,,
2651,"Casa Grande Arizona Border Patrol, Casa Grande, Arizona",Land Ports,Land  Ports,Land Ports,1,,,
2652,"Tucson Arizona Border Patrol, Tucson, Arizona",Land Ports,Land  Ports,Land Ports,1,,,
2653,"Nogales Arizona Border Patrol, Nogales, Arizona",Land Ports,Land  Ports,Land Ports,1,,,
2654,"Willcox Arizona Border Patrol, Willcox, Arizona",Land Ports,Land  Ports,Land Ports,1,,,
2655,"Douglas Arizona Border Patrol, Douglas, Arizona",Land Ports,Land  Ports,Land Ports,1,,,
2656,"Ajo Arizona Border Patrol, Why, Arizona",Land Ports,Land  Ports,Land Ports,1,,,
2657,"Naco Border Patrol, Bisbee, Arizona",Land Ports,Land  Ports,Land Ports,1,,,
2658,"Sonoita Arizona Border Patrol, Sonoita, Arizona",Land Ports,Land  Ports,Land Ports,1,,,
2681,"Scottsdale User Fee Airport, Scottsdale, Arizona",Land Ports,Land  Ports,Land Ports,1,,,
2682,"Phoenix-Mesa Gateway Airport, Mesa, Arizona",Land Ports,Land  Ports,Land Ports,1,,,
2704,"Los Angeles, California",LA-Long Beach,West,California,1,,"LOS ANGELES, CA",
2705,"Santa Ana/Orange, Santa Ana, California",Land Ports,Land  Ports,Land Ports,1,,,
2706,"Bakersfield, California",Land Ports,Land  Ports,Land Ports,1,,,
2707,"Port San Luis Harbor, Avila Beach, California",Land Ports,Land  Ports,Land Ports,1,,,
2709,"Long Beach, California",LA-Long Beach,West,California,1,,"LONG BEACH, CA",
2712,"Ventura, California",Land Ports,Land  Ports,Land Ports,1,,"VENTURA, CA",
2713,"Port Hueneme, California",LA-Long Beach,West,California,1,,"PORT HUENEME, CA",
2714,"San Bernardino, California",Land Ports,Land  Ports,Land Ports,1,,,
2715,"Capitan, California",Land Ports,Land  Ports,Land Ports,1,,"CAPITAN, CA",
2719,"Morro Bay, California",Land Ports,Land  Ports,Land Ports,1,,"MORRO BAY, CA",
2720,"Los Angeles International Airport, Los Angeles, California",Land Ports,Land  Ports,Land Ports,1,,"LOS ANGELES INTL AIRPORT, CA",
2721,"Ontario International Airport, Ontario, California",Land Ports,Land  Ports,Land Ports,1,,"ONTARIO INTL AIRPORT, CA",
2722,"Las Vegas, NV",Land Ports,Land  Ports,Land Ports,1,,"LAS VEGAS, NV",
2755,"Los Angeles Alternate, Los Angeles, California",Land Ports,Land  Ports,Land Ports,1,,,
2775,"Fedex Corp, Los Angeles, California",Land Ports,Land  Ports,Land Ports,1,,"TNT EXPRESS, LAX, CA",
2776,"International Bonded Couriers (IBC), Los Angeles, California",Land Ports,Land  Ports,Land Ports,1,,IBC PACIFIC,
2777,"Micom, Ingelwood, California",Land Ports,Land  Ports,Land Ports,1,,,
2781,"Palm Springs User Fee, Palm Springs, California",Land Ports,Land  Ports,Land Ports,1,,,
2782,"San Bernardino International Airport, San Bernardino, California",Land Ports,Land  Ports,Land Ports,1,,,
2783,"Southern California Logistics Airport, Victorville, California",Land Ports,Land  Ports,Land Ports,1,,,
2786,"Meadows Field Airport, Bakersfield, California",Land Ports,Land  Ports,Land Ports,1,,"MEADOWS FIELD AIRPORT, CA",
2787,"John Wayne User Fee Airport, Santa Ana, California",Land Ports,Land  Ports,Land Ports,1,,,
2788,"Van Nuys User Fee Airport, Van Nuys, California",Land Ports,Land  Ports,Land Ports,1,,,
2791,"DHL Hub, Los Angeles, California",Land Ports,Land  Ports,Land Ports,1,,"DHL-HUB, LOS ANGELES, CA",
2795,"UPS, Ontario, California",Land Ports,Land  Ports,Land Ports,1,,"UPS-ONTARIO, CA",
2801,"San Francisco International Airport, San Francisco, California",Land Ports,Land  Ports,Land Ports,1,,"SAN FRANCISCO INTL ARPT, CA",
2802,"Eureka, California",Land Ports,Land  Ports,Land Ports,1,,"EUREKA, CA",
2803,"Fresno, California",San Franciso,West,California,1,,"FRESNO, CA",
2805,"Monterey, California",Land Ports,Land  Ports,Land Ports,1,,"MONTEREY, CA",
2809,"San Francisco, California",San Franciso,West,California,1,,"SAN FRANCISCO, CA",
2810,"Stockton, California",San Franciso,West,California,1,,"STOCKTON, CA",
2811,"Oakland, California",San Franciso,West,California,1,,"OAKLAND, CA",
2812,"Richmond, California",San Franciso,West,California,1,,"RICHMOND,CA",
2815,"Crockett, California",San Franciso,West,California,1,,"CROCKETT,CA",
2817,"Redding, California",Land Ports,Land  Ports,Land Ports,1,,,
2818,"San Francisco IAP, San Francisco, California",Land Ports,Land  Ports,Land Ports,1,,,
2819,"Ogden, Utah",Land Ports,Land  Ports,Land Ports,1,,,
2820,"Martinez, California",San Franciso,West,California,1,,"MARTINEZ,CA",
2821,"Redwood City, California",San Franciso,West,California,1,,"REDWOOD CITY,CA",
2822,"Provo, Utah",Land Ports,Land  Ports,Land Ports,1,,,
2823,"St. George, Utah",Land Ports,Land  Ports,Land Ports,1,,,
2827,"Selby, California",Land Ports,Land  Ports,Land Ports,1,,"SELBY,CA",
2828,"San Joaquin River, California",San Franciso,West,California,1,,"SAN JUAQUIN RIVER,CA",
2829,"San Pablo Bay, California",San Franciso,West,California,1,,"SAN PABLO BAY,CA",
2830,"Carquinez Strait, California",San Franciso,West,California,1,,"CARQUINEZ STRAIT,CA",
2831,"Suisin Bay, California",San Franciso,West,California,1,,,
2833,"Reno, Nevada",Land Ports,Land  Ports,Land Ports,1,,"RENO, NV",
2834,"San Jose International Airport, California",Land Ports,Land  Ports,Land Ports,1,,"SAN JOSE INTL AIRPORT, CA",
2835,"Sacramento International Airport, Sacramento, California",Land Ports,Land  Ports,Land Ports,1,,"SACRAMENTO INT'L AIRPORT, CA",
2850,"Border Patrol Sector HQ, Dublin, California",Land Ports,Land  Ports,Land Ports,1,,,
2851,"Sacramento Border Patrol, Sacramento, California",Land Ports,Land  Ports,Land Ports,1,,,
2852,"Stockton California Border Patrol, Stockton, California",Land Ports,Land  Ports,Land Ports,1,,,
2853,"Fresno California Border Patrol, Fresno, California",Land Ports,Land  Ports,Land Ports,1,,,
2854,"Bakersfield California Border Patrol, Bakersfield, California",Land Ports,Land  Ports,Land Ports,1,,,
2855,"San Luis Obispo Border Patrol, San Luis Obispo, California",Land Ports,Land  Ports,Land Ports,1,,,
2895,"Fedex Courier Hub Facility, Oakland, California",Land Ports,Land  Ports,Land Ports,1,,"FEDEX, OAKLAND, CA",
2901,"Astoria, Oregon",Columbia River,West,Pacific Northwest,1,,"ASTORIA, OR",
2902,"Newport, Oregon",Columbia River,West,Pacific Northwest,1,,"NEWPORT, OR",
2903,"Coos Bay, Oregon",Columbia River,West,Pacific Northwest,1,,"COOS BAY, OR",
2904,"Portland, Oregon",Columbia River,West,Pacific Northwest,1,,"PORTLAND, OR",
3028,"Yakima, Washington",Land Ports,Land  Ports,Land Ports,1,,,
2907,"Boise, Idaho",Land Ports,Land  Ports,Land Ports,1,,"BOISE, ID",
3024,"Wenatchee, Washington",Land Ports,Land  Ports,Land Ports,1,,,
5754,"Wenatchee Washington Border Patrol, Wenatchee, Washington",Land Ports,Land  Ports,Land Ports,1,,,
2908,"Vancouver, Washington",Columbia River,West,Pacific Northwest,1,,"VANCOUVER, WA",
2911,"Twin Falls, Idaho",Land Ports,Land  Ports,Land Ports,1,,,
2912,"Idaho Falls, Idaho",Land Ports,Land  Ports,Land Ports,1,,,
2913,"Pueblo, Colorado",Land Ports,Land  Ports,Land Ports,1,,,
2914,"Durango, Colorado",Land Ports,Land  Ports,Land Ports,1,,,
2915,"Alamosa, Colorado",Land Ports,Land  Ports,Land Ports,1,,,
2916,"Grand Junction, Colorado",Land Ports,Land  Ports,Land Ports,1,,,
2917,"Glenwood Springs, Colorado",Land Ports,Land  Ports,Land Ports,1,,,
2918,"Craig, Colorado",Land Ports,Land  Ports,Land Ports,1,,,
2919,"Brush, Colorado",Land Ports,Land  Ports,Land Ports,1,,,
2920,"Cheyenne, Wyoming",Land Ports,Land  Ports,Land Ports,1,,,
2921,"Casper, Wyoming",Land Ports,Land  Ports,Land Ports,1,,,
2983,"Hillsboro Airport, Hillsboro, Oregon",Land Ports,Land  Ports,Land Ports,1,,,
3071,"UPS, Seattle, Washington",Land Ports,Land  Ports,Land Ports,1,,"UPS, SEATTLE, WA",
3095,"UPS Courier Hub, Seattle, Washington",Land Ports,Land  Ports,Land Ports,1,,"UPS, SEATTLE, WA",
3002,"Tacoma, Washington",Seattle-Tacoma,West,Pacific Northwest,1,,"TACOMA, WA",
3009,"Sumas, Washington",Land Ports,Land  Ports,Land Ports,1,,"SUMAS, WA",
3022,"Spokane, Washington",Seattle-Tacoma,West,Pacific Northwest,1,,"SPOKANE, WA",
5751,"Spokane Border Patrol, Spokane, Washington",Land Ports,Land  Ports,Land Ports,1,,,
7542,"Shannon IE Preclearance, Washington, DC",Land Ports,Land  Ports,Land Ports,1,,,
3029,"Seattle-Tacoma International Airport, Seattle, Washington",Land Ports,Land  Ports,Land Ports,1,,SEATTLE-TACOMA INTL ARPT,
3001,"Seattle, Washington",Seattle-Tacoma,West,Pacific Northwest,1,,"SEATTLE, WA",
2910,"Portland International Airport, Portland, Washington",Land Ports,Land  Ports,Land Ports,1,,"PORTLAND INTL AIRPORT, OR",
3008,"Port Townsend, Washington",Seattle-Tacoma,West,Pacific Northwest,1,,"PORT TOWNSEND, WA",
3099,"Port of Puget Sound, Seattle, Washington",Seattle-Tacoma,West,Pacific Northwest,1,,,
3007,"Port Angeles, Washington",Seattle-Tacoma,West,Pacific Northwest,1,,"PORT ANGELES, WA",
3054,"Port Angeles Border Patrol, Port Angeles, Washington",Land Ports,Land  Ports,Land Ports,1,,,
3017,"Point Roberts, Washington",Land Ports,Land  Ports,Land Ports,1,,"POINT ROBERTS, WA",
3030,"Pasco, Washington",Land Ports,Land  Ports,Land Ports,1,,,
5752,"Pasco Washington Border Patrol, Richland, Washington",Land Ports,Land  Ports,Land Ports,1,,,
3019,"Oroville, Washington",Land Ports,Land  Ports,Land Ports,1,,"OROVILLE, WA",
5753,"Oroville Washington Border Patrol, Oroville, Washington",Land Ports,Land  Ports,Land Ports,1,,,
3026,"Olympia, Washington",Seattle-Tacoma,West,Pacific Northwest,1,,"OLYMPIA, WA",
3011,"Nighthawk, Washington",Land Ports,Land  Ports,Land Ports,1,,"NIGHTHAWK, WA",
3025,"Metaline Falls, Washington",Land Ports,Land  Ports,Land Ports,1,,METALINE FALLS,
3023,"Lynden, Washington",Land Ports,Land  Ports,Land Ports,1,,"LYNDEN, WA",
3052,"Lynden Washington Border Patrol, Lynden, Washington",Land Ports,Land  Ports,Land Ports,1,,,
2905,"Longview, Washington",Columbia River,West,Pacific Northwest,1,,"LONGVIEW, WA",
3016,"Laurier, Washington",Land Ports,Land  Ports,Land Ports,1,,"LAURIER, WA",
3018,"Kenmore Air Harbor, Washington",Land Ports,Land  Ports,Land Ports,1,,"KENMORE AIR HARBOR, WA",
2909,"Kalama, Washington",Columbia River,West,Pacific Northwest,1,,"KALAMA, WA",
3082,"Grant County Airport, Moses Lake, Washington",Land Ports,Land  Ports,Land Ports,1,,GRANT COUNTY AIRPORT,
3020,"Frontier, Washington",Land Ports,Land  Ports,Land Ports,1,,"FRONTIER, WA",
3014,"Friday Harbor, Washington",Seattle-Tacoma,West,Pacific Northwest,1,,"FRIDAY HARBOR, WA",
3013,"Ferry, Washington",Land Ports,Land  Ports,Land Ports,1,,"FERRY, WA",
3006,"Everett, Washington",Seattle-Tacoma,West,Pacific Northwest,1,,"EVERETT, WA",
7541,"Dublin, IE Preclearance, Washington, DC",Land Ports,Land  Ports,Land Ports,1,,,
3073,"DHL Worldwide Express, Seatac, Washington",Land Ports,Land  Ports,Land Ports,1,,"DHL, SEATTLE, WA",
3012,"Danville, Washington",Land Ports,Land  Ports,Land Ports,1,,"DANVILLE, WA",
5759,"Curlew Washington Border Patrol, Curlew, Washington",Land Ports,Land  Ports,Land Ports,1,,,
5755,"Colville Washington Border Patrol, Colville, Washington",Land Ports,Land  Ports,Land Ports,1,,,
7425,"CBP, Punta Cana International Preclearance, Washington, DC",Land Ports,Land  Ports,Land Ports,1,,,
7423,"CBP, Nassau Preclearance, Washington, DC",Land Ports,Land  Ports,Land Ports,1,,,
3101,"Juneau, Alaska","Alaska, US Islands","Alaska, US Islands","Alaska, US Islands",1,,"JUNEAU, AK",
3102,"Ketchikan, Alaska","Alaska, US Islands","Alaska, US Islands","Alaska, US Islands",1,,"KETCHIKAN, AK",
3103,"Skagway, Alaska","Alaska, US Islands","Alaska, US Islands","Alaska, US Islands",1,,"SKAGWAY, AK",
3104,"Alcan, Alaska",Land Ports,Land  Ports,Land Ports,1,,"ALCAN, AK",
3105,"Wrangell, Alaska",Land Ports,Land  Ports,Land Ports,1,,"WRANGELL, AK",
3106,"Dalton Cache, Alaska",Land Ports,Land  Ports,Land Ports,1,,"DALTON CACHE, AK",
3111,"Fairbanks, Alaska","Alaska, US Islands","Alaska, US Islands","Alaska, US Islands",1,,"FAIRBANKS, AK",
3115,"Sitka, Alaska","Alaska, US Islands","Alaska, US Islands","Alaska, US Islands",1,,"SITKA, AK",
3124,"Pelican, Alaska",Land Ports,Land  Ports,Land Ports,1,,,
3126,"Anchorage, Alaska","Alaska, US Islands","Alaska, US Islands","Alaska, US Islands",1,,"ANCHORAGE, AK",
3181,"Saint Paul Airport, Anchorage, Alaska",Land Ports,Land  Ports,Land Ports,1,,,
3195,"Federal Express Courier Hub, Anchorage, Alaska",Land Ports,Land  Ports,Land Ports,1,,"FEDEX, ANCHORAGE, AK",
3196,"UPS Courier Hub, Anchorage, Alaska",Land Ports,Land  Ports,Land Ports,1,,"UPS, ANCHORAGE, AK",
3201,"Honolulu, Hawaii","Alaska, US Islands","Alaska, US Islands","Alaska, US Islands",1,,"HONOLULU, HI",
3202,"Hilo, Hawaii","Alaska, US Islands","Alaska, US Islands","Alaska, US Islands",1,,"HILO, HI",
3203,"Kahului, Hawaii","Alaska, US Islands","Alaska, US Islands","Alaska, US Islands",1,,"KAHULUI, HI",
3204,"Nawiliwili-Port Allen, Hawaii",Land Ports,Land  Ports,Land Ports,1,,"NAWILIWILI-PORT ALLEN,HI",
3205,"Honolulu International Airport, Honolulu, Hawaii",Land Ports,Land  Ports,Land Ports,1,,"HONOLULU INTL AIRPRT, HI",
3206,"Kona, Hawaii","Alaska, US Islands","Alaska, US Islands","Alaska, US Islands",1,,"KONA, HI",
3207,"Guam Preclearance, Tamuning, Guam",Land Ports,Land  Ports,Land Ports,1,,,
3208,"North Mariana Island, Guam","Alaska, US Islands","Alaska, US Islands","Alaska, US Islands",1,,,
3209,"American Samoa, Guam","Alaska, US Islands","Alaska, US Islands","Alaska, US Islands",1,,,
3210,"Guam, Maite, Guam","Alaska, US Islands","Alaska, US Islands","Alaska, US Islands",1,,,
3211,"Saipan, Tamuning, Guam","Alaska, US Islands","Alaska, US Islands","Alaska, US Islands",1,,,
3212,"Tinian, Tamuning, Guam","Alaska, US Islands","Alaska, US Islands","Alaska, US Islands",1,,,
3213,"Rota, Tamuning, Guam","Alaska, US Islands","Alaska, US Islands","Alaska, US Islands",1,,,
3279,"FedEx ECCF, Honolulu, Hawaii",Land Ports,Land  Ports,Land Ports,1,,,
3301,"Raymond, Montana",Land Ports,Land  Ports,Land Ports,1,,"RAYMOND, MT",
3302,"Eastport, Idaho",Land Ports,Land  Ports,Land Ports,1,,"EASTPORT, ID",
3303,"Salt Lake City, Utah",Land Ports,Land  Ports,Land Ports,1,,"SALT LAKE CITY, UT",
3304,"Great Falls, Montana",Land Ports,Land  Ports,Land Ports,1,,"GREAT FALLS, MT",
3305,"Butte, Montana",Land Ports,Land  Ports,Land Ports,1,,"BUTTE, MT",
3306,"Turner, Montana",Land Ports,Land  Ports,Land Ports,1,,"TURNER, MT",
3307,"Denver, Colorado",Land Ports,Land  Ports,Land Ports,1,,"DENVER, CO",
3308,"Porthill, Idaho",Land Ports,Land  Ports,Land Ports,1,,"PORTHILL, ID",
3309,"Scobey, Montana",Land Ports,Land  Ports,Land Ports,1,,"SCOBY, MT",
3310,"Sweetgrass, Montana",Land Ports,Land  Ports,Land Ports,1,,"SWEETGRASS, MT",
3316,"Piegan, Montana",Land Ports,Land  Ports,Land Ports,1,,"PIEGAN, MT",
3317,"Opheim, Montana",Land Ports,Land  Ports,Land Ports,1,,"OPHEIM, MT",
3318,"Roosville, Montana",Land Ports,Land  Ports,Land Ports,1,,"ROOSVILLE, MT",
3319,"Morgan, Montana",Land Ports,Land  Ports,Land Ports,1,,"MORGAN, MT",
3321,"Whitlash, Montana",Land Ports,Land  Ports,Land Ports,1,,"WHITLASH, MT",
3322,"Del Bonita, Montana",Land Ports,Land  Ports,Land Ports,1,,"DEL BONITA, MT",
3323,"Wildhorse, Montana",Land Ports,Land  Ports,Land Ports,1,,"WILDHORSE, MT",
3324,"Kalispell Airport, Montana",Land Ports,Land  Ports,Land Ports,1,,KALISPELL AIRPORT,
3325,"Willow Creek, Montana",Land Ports,Land  Ports,Land Ports,1,,"HAVRE, MT",
3326,"Billings, Montana",Land Ports,Land  Ports,Land Ports,1,,,
3327,"Vancouver, BC, Canada",Land Ports,Land  Ports,Land Ports,1,,,
3328,"Calgary, Alberta, Canada",Land Ports,Land  Ports,Land Ports,1,,,
3329,"Edmonton, Alberta, Canada",Land Ports,Land  Ports,Land Ports,1,,,
3348,"Helena, Montana",Land Ports,Land  Ports,Land Ports,1,,,
3350,"Border Patrol Sector HQ, Havre, Montana",Land Ports,Land  Ports,Land Ports,1,,,
3351,"Havre Montana Border Patrol, Havre, Montana",Land Ports,Land  Ports,Land Ports,1,,,
3352,"Malta Montana Border Patrol, Malta, Montana",Land Ports,Land  Ports,Land Ports,1,,,
3353,"Billings Border Patrol, Billings Montana",Land Ports,Land  Ports,Land Ports,1,,,
3354,"Twin Falls Border Patrol, Twin Falls, Idaho",Land Ports,Land  Ports,Land Ports,1,,,
3355,"Shelby Montana Border Patrol, Shelby, Montana",Land Ports,Land  Ports,Land Ports,1,,,
3356,"Sweetgrass Montana Border Patrol, Sweetgrass, Montana",Land Ports,Land  Ports,Land Ports,1,,,
3357,"St. Mary Montana Border Patrol, Babb, Montana",Land Ports,Land  Ports,Land Ports,1,,,
3358,"Plentywood Montana Border Patrol, Plentywood, Montana",Land Ports,Land  Ports,Land Ports,1,,,
3359,"Scobey Montana Border Patrol, Scobey, Montana",Land Ports,Land  Ports,Land Ports,1,,,
3381,"Missoula User Fee Airport, Missoula, Montana",Land Ports,Land  Ports,Land Ports,1,,,
3383,"Jeffco User Fee Airport, Broofield, Colorado",Land Ports,Land  Ports,Land Ports,1,,,
3384,"Centennial Airport, Englewood, Colorado",Land Ports,Land  Ports,Land Ports,1,,"CENTENNIAL AIRPORT, CO",
3385,"Eagle County Regional Airport, Gypsum, Colorado",Land Ports,Land  Ports,Land Ports,1,,EAGLE COUNTY REGIONAL AIRPORT,
3386,"Bozeman Yellowstone User Fee Airport, Belgrade, Montana",Land Ports,Land  Ports,Land Ports,1,,"BOZEMAN YELLOWSTONE USER FEE AIRPORT, BELGRADE, MT",
3401,"Pembina, North Dakota",Land Ports,Land  Ports,Land Ports,1,,"PEMBINA, ND",
3403,"Portal, North Dakota",Land Ports,Land  Ports,Land Ports,1,,"PORTAL, ND",
3404,"Neche, North Dakota",Land Ports,Land  Ports,Land Ports,1,,"NECHE, ND",
3405,"St. John, North Dakota",Land Ports,Land  Ports,Land Ports,1,,"ST JOHN, ND",
3406,"Northgate, North Dakota",Land Ports,Land  Ports,Land Ports,1,,"NORTHGATE, ND",
3407,"Walhalla, North Dakota",Land Ports,Land  Ports,Land Ports,1,,"WALHALLA, ND",
3408,"Hannah, North Dakota",Land Ports,Land  Ports,Land Ports,1,,"HANNAH, ND",
3409,"Sarles, North Dakota",Land Ports,Land  Ports,Land Ports,1,,"SARLES, ND",
3410,"Ambrose, North Dakota",Land Ports,Land  Ports,Land Ports,1,,"AMBROSE, ND",
3411,"Fargo International Airport, North Dakota",Land Ports,Land  Ports,Land Ports,1,,"FARGO,ND",
3412,"Fargo, Grand Forks, North Dakota",Land Ports,Land  Ports,Land Ports,1,,,
3413,"Antler, North Dakota",Land Ports,Land  Ports,Land Ports,1,,"ANTLER, ND",
3414,"Sherwood, North Dakota",Land Ports,Land  Ports,Land Ports,1,,"SHERWOOD, ND",
3415,"Hansboro, North Dakota",Land Ports,Land  Ports,Land Ports,1,,"HANSBORO, ND",
3416,"Maida, North Dakota",Land Ports,Land  Ports,Land Ports,1,,"MAIDA, ND",
3417,"Fortuna, North Dakota",Land Ports,Land  Ports,Land Ports,1,,"FORTUNA, ND",
3419,"Westhope, North Dakota",Land Ports,Land  Ports,Land Ports,1,,"WESTHOPE, ND",
3420,"Noonan, North Dakota",Land Ports,Land  Ports,Land Ports,1,,"NOONAN, ND",
3421,"Carbury, North Dakota",Land Ports,Land  Ports,Land Ports,1,,"CARBURY, ND",
3422,"Dunseith, North Dakota",Land Ports,Land  Ports,Land Ports,1,,"DUNSEITH, ND",
3423,"Warroad, Minnesota",Land Ports,Land  Ports,Land Ports,1,,"WARROAD, MN",
3424,"Baudette, Minnesota",Land Ports,Land  Ports,Land Ports,1,,"BAUDETTE, MN",
3425,"Pinecreek, Minnesota",Land Ports,Land  Ports,Land Ports,1,,"PINECREEK, MN",
3426,"Roseau, Minnesota",Land Ports,Land  Ports,Land Ports,1,,"ROSEAU, MN",
3427,"Grand Forks Airport, Grand Forks, North Dakota",Land Ports,Land  Ports,Land Ports,1,,"GRAND FORKS, ND",
3428,"Winnipeg International Airport, Winnipeg, Canada",Land Ports,Land  Ports,Land Ports,1,,,
3429,"Crane Lake, Minnesota",Land Ports,Land  Ports,Land Ports,1,,,
3430,"Lancaster, Minnesota",Land Ports,Land  Ports,Land Ports,1,,"LANCASTER, MN",
3431,"Minot, North Dakota",Land Ports,Land  Ports,Land Ports,1,,,
3432,"Grand Forks, North Dakota",Land Ports,Land  Ports,Land Ports,1,,,
3433,"Williston Airport, Williston, North Dakota",Land Ports,Land  Ports,Land Ports,1,,"WILLISTON AIRPORT, ND",
3434,"Minot Airport, Minot, North Dakota",Land Ports,Land  Ports,Land Ports,1,,"MINOT AIRPORT, ND",
3450,"Border Patrol Sector HQ, Grand Forks, North Dakota",Land Ports,Land  Ports,Land Ports,1,,,
3451,"Grand Forks Border Patrol, Grand Forks, North Dakota",Land Ports,Land  Ports,Land Ports,1,,,
3452,"Portal North Dakota Border Patrol, Portal, North Dakota",Land Ports,Land  Ports,Land Ports,1,,,
3453,"Bottineau Border Patrol, Bottineau, North Dakota",Land Ports,Land  Ports,Land Ports,1,,,
3454,"Pembina (Noyes) Border Patrol, Hallock, Minnesota",Land Ports,Land  Ports,Land Ports,1,,,
3455,"International Falls Border Patrol, International Falls, Minnesota",Land Ports,Land  Ports,Land Ports,1,,,
3456,"Warroad Border Patrol, Warroad, Minnesota",Land Ports,Land  Ports,Land Ports,1,,,
3457,"Duluth Border Patrol, Duluth, Minnesota",Land Ports,Land  Ports,Land Ports,1,,,
3458,"Grand Marais Border Patrol, Grand Marais, Minnesota",Land Ports,Land  Ports,Land Ports,1,,,
3499,"Pembina Cartage Control, Pembina, North Dakota",Land Ports,Land  Ports,Land Ports,1,,,
3501,"Minneapolis-St. Paul, Minnesota",Land Ports,Land  Ports,Land Ports,1,,"MINNEAPOLIS-ST. PAUL, MN",
3502,"Sioux Falls, South Dakota",Land Ports,Land  Ports,Land Ports,1,,"SIOUX FALLS, S.D.",
3503,"Rapid City, South Dakota",Land Ports,Land  Ports,Land Ports,1,,,
3505,"Cedar Rapids, Iowa",Land Ports,Land  Ports,Land Ports,1,,,
3507,"Grand Island, Nebraska",Land Ports,Land  Ports,Land Ports,1,,,
3508,"North Platte, Nebraska",Land Ports,Land  Ports,Land Ports,1,,,
3510,"Duluth, Wisconsin",Duluth,Great Lakes,Great Lakes,1,,"DULUTH, MN-SUPERIOR, WI",
3511,"Ashland, Wisconsin",Duluth,Great Lakes,Great Lakes,1,,"ASHLAND, WI",
3512,"Omaha, Nebraska",Land Ports,Land  Ports,Land Ports,1,,"OMAHA, NE",
3513,"Des Moines, Iowa",Land Ports,Land  Ports,Land Ports,1,,"DES MOINES, IA",
3581,"Rochester, Minnesota User Fee Airport",Land Ports,Land  Ports,Land Ports,1,,"ROCHESTER USER FEE AIRP, ROCHESTER, MN",
3604,"International Falls, Minnesota",Land Ports,Land  Ports,Land Ports,1,,"INTERNATIONAL FALLS-RANIER, MN",
3613,"Grand Portage, Minnesota",Land Ports,Land  Ports,Land Ports,1,,"GRAND PORTAGE, MN",
3701,"Milwaukee, Wisconsin",Detroit-Milwaukee,Great Lakes,Great Lakes,1,,"MILWAUKEE, WI",
3702,"Marinette, Wisconsin",Detroit-Milwaukee,Great Lakes,Great Lakes,1,,"MARINETTE, WI",
3703,"Green Bay, Wisconsin",Detroit-Milwaukee,Great Lakes,Great Lakes,1,,"GREEN BAY, WI",
3706,"Manitowoc, Wisconsin",Detroit-Milwaukee,Great Lakes,Great Lakes,1,,"MANITOWOC, WI",
3707,"Sheboygan, Wisconsin",Detroit-Milwaukee,Great Lakes,Great Lakes,1,,,
3708,"Racine, Wisconsin",Detroit-Milwaukee,Great Lakes,Great Lakes,1,,"RACINE, WI",
3781,"Appleton International Airport, Appleton, Wisconsin",Land Ports,Land  Ports,Land Ports,1,,,
3801,"Detroit, Michigan",Land Ports,Land  Ports,Land Ports,1,,"DETROIT, MI",
3802,"Port Huron, Michigan",Land Ports,Land  Ports,Land Ports,1,,"PORT HURON, MI",
3803,"Sault Ste Marie, Michigan",Land Ports,Land  Ports,Land Ports,1,,"SAULT STE. MARIE, MI",
3804,"Saginaw/Bay City, Michigan",Land Ports,Land  Ports,Land Ports,1,,"SAGINAW/BAY CITY, MI",
3805,"Battle Creek, Michigan",Land Ports,Land  Ports,Land Ports,1,,"BATTLE CREEK, MI",
3806,"Grand Rapids, Michigan",Land Ports,Land  Ports,Land Ports,1,,"GRAND RAPIDS, MI",
3807,"Detroit Metropolitan Airport, Michigan",Land Ports,Land  Ports,Land Ports,1,,"DETROIT METRO AIRPORT, DETROIT, MI",
3808,"Escanaba, Michigan",Detroit-Milwaukee,Great Lakes,Great Lakes,1,,"ESCANABA, MI",
3809,"Marquette, Michigan",Land Ports,Land  Ports,Land Ports,1,,"MARQUETTE, MI",
3814,"Algonac, Michigan",Land Ports,Land  Ports,Land Ports,1,,"ALGONAC, MI",
3815,"Muskegon, Michigan",Detroit-Milwaukee,Great Lakes,Great Lakes,1,,"MUSKEGON, MI",
3816,"Grand Haven, Michigan",Land Ports,Land  Ports,Land Ports,1,,"GRAND HAVEN, MI",
3818,"Rogers City, Michigan",Land Ports,Land  Ports,Land Ports,1,,"ROGERS CITY, MI",
3819,"Detour City, Michigan",Land Ports,Land  Ports,Land Ports,1,,"DETOUR, MI",
3822,"South Haven, Michigan",Land Ports,Land  Ports,Land Ports,1,,,
3842,"Presque Island, Michigan",Land Ports,Land  Ports,Land Ports,1,,"PRESQUE ISLE, MI",
3843,"Alpena, Michigan",Land Ports,Land  Ports,Land Ports,1,,"ALPENA, MI",
3850,"Border Patrol Sector HQ, Selfridge Angb, Michigan",Land Ports,Land  Ports,Land Ports,1,,,
3851,"Detroit Border Patrol, Detroit, Michigan",Land Ports,Land  Ports,Land Ports,1,,,
3852,"Sault Ste Marie Border Patrol, Sault Ste Marie, Michigan",Land Ports,Land  Ports,Land Ports,1,,,
3853,"Trenton Border Patrol, Trenton, Michigan",Land Ports,Land  Ports,Land Ports,1,,,
3854,"Port Huron Border Patrol, Marysville, Michigan",Land Ports,Land  Ports,Land Ports,1,,,
3855,"Grand Rapids Border Patrol, Holland, Michigan",Land Ports,Land  Ports,Land Ports,1,,,
3881,"Oakland County International Airport, Detroit, Michigan",Land Ports,Land  Ports,Land Ports,1,,OAKLAND/PONTIAC AIRPORT,
3882,"Willow Run Airport, Ypsilanti, Michigan",Land Ports,Land  Ports,Land Ports,1,,"WILLOW RUN AIRPORT, YPSILANTI, MI",
3901,"Chicago, Illinois, including O’Hare International Airport",Detroit-Milwaukee,Great Lakes,Great Lakes,1,,"CHICAGO, IL",
3902,"Peoria, Illinois",Land Ports,Land  Ports,Land Ports,1,,"PEORIA, IL",
3905,"Gary, Indiana",Detroit-Milwaukee,Great Lakes,Great Lakes,1,,"GARY, IN",
3908,"Davenport, Iowa - Rock Island, Milan, Illinois",Land Ports,Land  Ports,Land Ports,1,,"DAVENPORT, IA-ROCK ISLAND, IL",
3909,"Rockford Airport, Rockford, Illinois",Land Ports,Land  Ports,Land Ports,1,,"ROCKFORD AIRPORT, IL",
3910,"Midway International Airport, Chicago, Illinois",Land Ports,Land  Ports,Land Ports,1,,"CHICAGO MIDWAY INT'L AIRPORT, IL",
3911,"Springfield, Illinois",Land Ports,Land  Ports,Land Ports,1,,,
3971,"Fedex ECCF, Chicago, Illinois",Land Ports,Land  Ports,Land Ports,1,,"TNT EXPRESS CONSIGNMENT, CHICAGO, IL",
3972,"IBC ECCF, Chicago, Illinois",Land Ports,Land  Ports,Land Ports,1,,,
3984,"Dupage Airport Authority, West Chicago, Illinois",Land Ports,Land  Ports,Land Ports,1,,"DUPAGE AIRPORT, IL",
3991,"DHL Chicago Hub, Chicago, Illinois",Land Ports,Land  Ports,Land Ports,1,,,
0401,"Boston, Massachusetts",Boston,East,North Atlantic,1,,"BOSTON, MA",
0402,"Springfield, Massachusetts",Land Ports,Land  Ports,Land Ports,1,,"SPRINGFIELD, MA",
0403,"Worcester, Massachusetts",Boston,East,North Atlantic,1,,"WORCESTER, MA",
0404,"Gloucester, Massachusetts",Boston,East,North Atlantic,1,,"GLOUCESTER, MA",
0405,"New Bedford, Massachusetts",Boston,East,North Atlantic,1,,"NEW BEDFORD, MA",
0406,"Plymouth, Massachusetts",Boston,East,North Atlantic,1,,"PLYMOUTH, MA",
0407,"Fall River, Massachusetts",Boston,East,North Atlantic,1,,"FALL RIVER, MA",
0408,"Beverly, Massachusetts",Land Ports,Land  Ports,Land Ports,1,,"SALEM, MA",
0410,"Bridgeport, Connecticut",New York ,East,North Atlantic,1,,"BRIDGEPORT,CT",
4101,"Cleveland, Ohio",Toledo-Cleveland,Great Lakes,Great Lakes,1,,"CLEVELAND, OH",
4102,"Cincinnati, Ohio",Toledo-Cleveland,Great Lakes,Great Lakes,1,,"CINCINNATI, OH",
4103,"Columbus, Ohio",Toledo-Cleveland,Great Lakes,Great Lakes,1,,"COLUMBUS, OH",
4104,"Dayton, Ohio",Toledo-Cleveland,Great Lakes,Great Lakes,1,,"DAYTON, OH",
4105,"Toledo, Ohio",Toledo-Cleveland,Great Lakes,Great Lakes,1,,"TOLEDO-SNADUSKY, OH",
4106,"Erie, Pennsylvania",Toledo-Cleveland,Great Lakes,Great Lakes,1,,"ERIE, PA",
4107,"Northern Kentucky, Fort Mitchell, KY",Land Ports,Land  Ports,Land Ports,1,,,
0411,"Hartford, Connecticut",New York ,East,North Atlantic,1,,HARTFORD. CT,
4110,"Indianapolis, Indiana",Detroit-Milwaukee,Great Lakes,Great Lakes,1,,"INDIANAPOLIS, IN",
4115,"Louisville, Kentucky",Land Ports,Land  Ports,Land Ports,1,,"LOUISVILLE, KY",
4116,"Owensboro-Evansville, Indiana",Land Ports,Land  Ports,Land Ports,1,,"OWENSBORO-EVANSVILLE, KY",
0412,"New Haven, Connecticut",New York ,East,North Atlantic,1,,"NEW HAVEN,CT",
4122,"Ashtabula/Conneaut, Ohio",Toledo-Cleveland,Great Lakes,Great Lakes,1,,"ASHTABULA/CONNEAUT, OH",
0413,"New London, Connecticut",New York ,East,North Atlantic,1,,"NEW LONDON, CT",
4130,"London, Kentucky",Land Ports,Land  Ports,Land Ports,1,,,
4131,"Bowling Green, Kentucky",Land Ports,Land  Ports,Land Ports,1,,,
0416,"Lawrence, Massachusetts",Land Ports,Land  Ports,Land Ports,1,,"LAWRENCE, MA",
0417,"Logan Airport, East Boston, Massachusetts",Land Ports,Land  Ports,Land Ports,1,,"LOGAN AIRPORT, MA",
4183,"Fort Wayne Airport, Fort Wayne, Indiana",Land Ports,Land  Ports,Land Ports,1,,FORT WAYNE AIRPORT,
4184,"Blue Grass Airport, Lexington, Kentucky",Land Ports,Land  Ports,Land Ports,1,,BLUE GRASS AIRPORT,
4196,"UPS Courier Hub, Louisville, Kentucky",Land Ports,Land  Ports,Land Ports,1,,UPS COURIER,
4197,"DHL Courier Hub, Cincinnati, Ohio",Land Ports,Land  Ports,Land Ports,1,,"DHL CINCINNATI, OH",
4198,"Federal Express Hub, Indianapolis, Indiana",Land Ports,Land  Ports,Land Ports,1,,"FEDEX, INDIANAPOLIS, IN",
4501,"Kansas City, Missouri",Land Ports,Land  Ports,Land Ports,1,,"KANSAS CITY, MO",
4502,"St. Joseph, Missouri",Land Ports,Land  Ports,Land Ports,1,,"ST JOSEPH, MO",
4503,"St. Louis, Missouri",Land Ports,Land  Ports,Land Ports,1,,"ST LOUIS, MO",
4504,"Wichita, Kansas",Land Ports,Land  Ports,Land Ports,1,,"WICHITA, KS",
4505,"Springfield, Missouri",Land Ports,Land  Ports,Land Ports,1,,"SPRINGFIELD, MO",
4507,"Kansas City Smart Port, Kansas City, Kansas",Land Ports,Land  Ports,Land Ports,1,,,
4581,"MidAmerica Airport, Mascoutah, Illinois",Land Ports,Land  Ports,Land Ports,1,,"MIDAMERICAN AIRPORT, IL",
4601,"New York/Newark Area, Newark, New Jersey",Land Ports,Land  Ports,Land Ports,1,,,
4602,"Perth Amboy, New Jersey",New York ,East,North Atlantic,1,,,
4670,"UPS ECCF, Newark, New Jersey",Land Ports,Land  Ports,Land Ports,1,,,
4671,"Federal Express ECCF, Newark, New Jersey",Land Ports,Land  Ports,Land Ports,1,,,
4681,"Morristown Airport, Morristown, New Jersey",Land Ports,Land  Ports,Land Ports,1,,,
4682,"Stewart International Airport UFF, New Windsor, New York",Land Ports,Land  Ports,Land Ports,1,,,
4701,"John F. Kennedy Airport, Jamaica, New York",Land Ports,Land  Ports,Land Ports,1,,,
4771,"NYACC ECCF, Jamaica, New York",Land Ports,Land  Ports,Land Ports,1,,,
4772,"DHL Airways, Jamaica, New York",Land Ports,Land  Ports,Land Ports,1,,,
4773,"Micom ECCF, Jamaica, New York",Land Ports,Land  Ports,Land Ports,1,,,
4774,"IBC ECCF, Jamaica, New York",Land Ports,Land  Ports,Land Ports,1,,,
4778,"Fedex Corp JFK ECCF, Jamaica, New York",Land Ports,Land  Ports,Land Ports,1,,,
0481,"Hanscom User Fee Airport, Bedford, Massachusetts",Land Ports,Land  Ports,Land Ports,1,,"L.G. HANSCOM FIELD, MA",
4901,"Aguadilla, Puerto Rico","Alaska, US Islands","Alaska, US Islands","Alaska, US Islands",1,,"AGUADILLA, PR",
4904,"Fajardo, Puerto Rico","Alaska, US Islands","Alaska, US Islands","Alaska, US Islands",1,,"FAJARDO, PR",
4907,"Mayaguez, Puerto Rico","Alaska, US Islands","Alaska, US Islands","Alaska, US Islands",1,,"MAYAGUEZ, PR",
4908,"Ponce, Puerto Rico","Alaska, US Islands","Alaska, US Islands","Alaska, US Islands",1,,"PONCE, PR",
4909,"San Juan, Puerto Rico","Alaska, US Islands","Alaska, US Islands","Alaska, US Islands",1,,"SAN JUAN, PR",
4913,"San Juan International Airport, Old San Juan, Puerto Rico",Land Ports,Land  Ports,Land Ports,1,,"SAN JUAN INTL AIRPORT, PR",
4950,"Border Patrol Sector HQ, Aguadilla, Puerto Rico",Land Ports,Land  Ports,Land Ports,1,,,
4951,"Ramey Puerto Rico Border Patrol, Aguadilla, Puerto Rico",Land Ports,Land  Ports,Land Ports,1,,,
0501,"Newport, Rhode Island",New York ,East,North Atlantic,1,,"NEWPORT, RI",
0502,"Providence, Rhode Island",New York ,East,North Atlantic,1,,"PROVIDENCE, RI",
0503,"Mellville, Rhode Island",New York ,East,North Atlantic,1,,"MELLVILLE, RI",
5101,"Charlotte Amalie, St. Thomas, Virgin Islands","Alaska, US Islands","Alaska, US Islands","Alaska, US Islands",1,,"CHARLOTTE AMALIE, VI",
5102,"Cruz Bay, St. John, Virgin Islands","Alaska, US Islands","Alaska, US Islands","Alaska, US Islands",1,,"CRUZ BAY, VI",
5104,"Christiansted, St. Croix, Virgin Islands","Alaska, US Islands","Alaska, US Islands","Alaska, US Islands",1,,"CHRISTIANSTED, VI",
5105,"Frederiksted, St. Croix, Virgin Islands","Alaska, US Islands","Alaska, US Islands","Alaska, US Islands",1,,"FREDERIKSTED, VI",
5201,"Miami, Florida",South Florida,East,South Atlantic,1,,"MIAMI, FL",
5202,"Key West, Florida",Land Ports,Land Ports,Land Ports,1,,"KEY WEST, FL",
5203,"Port Everglades, Florida",South Florida,East,South Atlantic,1,,"PORT EVERGLADES, FL",
5204,"West Palm Beach, Florida",South Florida,East,South Atlantic,1,,"WEST PALM BEACH, FL",
5205,"Fort Pierce, Florida",Land Ports,Land Ports,Land Ports,1,,"FORT PIERCE, FL",
5206,"Miami International Airport, Miami, Florida",Land Ports,Land  Ports,Land Ports,1,,"MIAMI INTL AIRPORT, FL",
5210,"Fort Lauderdale International Airport, Fort Lauderdale, Florida",Land Ports,Land  Ports,Land Ports,1,,"FT. LAUDERDALE INTL AIRP, FL",
5211,"Key Largo, Florida",Land Ports,Land Ports,Land Ports,1,,,
5212,"Pembroke Pines, Florida",Land Ports,Land  Ports,Land Ports,1,,,
5250,"Border Patrol Sector HQ, Pembroke Pines, Florida",Land Ports,Land  Ports,Land Ports,1,,,
5251,"Miami Border Patrol, Pembroke Pines, Florida",Land Ports,Land  Ports,Land Ports,1,,,
5252,"West Palm Beach Border Patrol, West Palm Beach, Florida",Land Ports,Land  Ports,Land Ports,1,,,
5253,"Marathon Border Patrol, Marathon, Florida",Land Ports,Land  Ports,Land Ports,1,,,
5255,"Miami Alternate, Miami, Florida",Land Ports,Land  Ports,Land Ports,1,,,
5274,"Fedex Corp Miami ECCF, Miami, Florida",Land Ports,Land  Ports,Land Ports,1,,,
5281,"Marathon International Airport, Marathon, Florida",Land Ports,Land  Ports,Land Ports,1,,,
5282,"Boca Raton Airport, Boca Raton, Florida",Land Ports,Land  Ports,Land Ports,1,,,
5283,"Witham Field GAF, Stuart, Florida",Land Ports,Land  Ports,Land Ports,1,,,
5295,"UPS Hub Miami International Airport, Miami, Florida",Land Ports,Land  Ports,Land Ports,1,,"UPS, MIAMI, FL",
5296,"DHL Worldwide Express Hub, Miami, Florida",Land Ports,Land  Ports,Land Ports,1,,"DHL, MIAMI, FL",
5297,"Fedex Courier Hub, Miami, Florida",Land Ports,Land  Ports,Land Ports,1,,"FEDEX, MIAMI, FL",
5298,"IBC Courier Hub, Miami, Florida",Land Ports,Land  Ports,Land Ports,1,,"IBC COURIER HUB, FL",
5301,"Houston, Texas",Houston,Gulf,North Texas,1,,"HOUSTON, TX",
5306,"Texas City, Texas",Houston,Gulf,North Texas,1,,"TEXAS CITY, TX",
5309,"Houston George Bush Intercontinental Airport, Houston, Texas",Land Ports,Land  Ports,Land Ports,1,,"HOUSTON INTERCONTL AIRP, TX",
5310,"Galveston, Texas",Houston,Gulf,North Texas,1,,"GALVESTON, TX",
5311,"Freeport, Texas",Houston,Gulf,North Texas,1,,"FREEPORT, TX",
5312,"Corpus Christi, Texas",South Texas,Gulf,South Texas,1,,"CORPUS CHRISTI, TX",
5313,"Port Lavaca, Texas",South Texas,Gulf,South Texas,1,,"PORT LAVACA, TX",
5314,"Hobby International Airport, Houston, Texas",Land Ports,Land  Ports,Land Ports,1,,,
5315,"Ellington Field, Houston, Texas",Land Ports,Land  Ports,Land Ports,1,,,
5381,"Sugar Land Regional Airport, Sugar Land, Texas",Land Ports,Land  Ports,Land Ports,1,,"SUGAR LAND REG AIRP, SUGAR LAND, TX",
5382,"Conroe-North, Conroe, Texas",Land Ports,Land  Ports,Land Ports,1,,,
5401,"Washington, District of Columbia",Land Ports,Land  Ports,Land Ports,1,,"WASHINGTON, DC",
5402,"Reagan National (DCA), Arlington, Virginia",Land Ports,Land  Ports,Land Ports,1,,"ALEXANDRIA, VA",
5501,"Dallas/Ft. Worth Airport, Texas",Land Ports,Land  Ports,Land Ports,1,,"DALLAS/FT. WORTH, TX",
5502,"Amarillo, Texas",Land Ports,Land  Ports,Land Ports,1,,"AMARILLO, TX",
5503,"Lubbock, Texas",Land Ports,Land  Ports,Land Ports,1,,"LUBBOCK, TX",
5504,"Oklahoma City, Oklahoma",Land Ports,Land  Ports,Land Ports,1,,"OKLAHOMA CITY, OK",
5505,"Tulsa, Oklahoma",Land Ports,Land  Ports,Land Ports,1,,"TULSA, OK",
5506,"Austin, Texas",Land Ports,Land  Ports,Land Ports,1,,"AUSTIN, TX",
5507,"San Antonio, Texas",Land Ports,Land  Ports,Land Ports,1,,"SAN ANTONIO, TX",
5520,"Abilene, Texas",Land Ports,Land  Ports,Land Ports,1,,,
5521,"San Angelo, Texas",Land Ports,Land  Ports,Land Ports,1,,,
5550,"Border Patrol Sector HQ, Marfa, Texas",Land Ports,Land  Ports,Land Ports,1,,,
5551,"Lubbock Border Patrol, Lubbock, Texas",Land Ports,Land  Ports,Land Ports,1,,,
5552,"Amarillo Border Patrol, Amarillo, Texas",Land Ports,Land  Ports,Land Ports,1,,,
5553,"Presidio Texas Border Patrol, Presidio, Texas",Land Ports,Land  Ports,Land Ports,1,,,
5554,"Marfa Texas Border Patrol, Marfa, Texas",Land Ports,Land  Ports,Land Ports,1,,,
5555,"Pecos Texas Border Patrol, Pecos, Texas",Land Ports,Land  Ports,Land Ports,1,,,
5556,"Fort Stockton Border Patrol, Fort Stockton, Texas",Land Ports,Land  Ports,Land Ports,1,,,
5557,"Sanderson Texas Border Patrol, Sanderson, Texas",Land Ports,Land  Ports,Land Ports,1,,,
5558,"Alpine Texas Border Patrol, Alpine, Texas",Land Ports,Land  Ports,Land Ports,1,,,
5559,"Big Bend Border Patrol, Big Bend, Texas",Land Ports,Land  Ports,Land Ports,1,,,
5560,"Sierra Blanca Border Patrol, Sierra Blanca, Texas",Land Ports,Land  Ports,Land Ports,1,,,
5561,"Van Horn Texas Border Patrol, Van Horn, Texas",Land Ports,Land  Ports,Land Ports,1,,,
5562,"Midland Texas Border Patrol, Midland, Texas",Land Ports,Land  Ports,Land Ports,1,,,
5582,"Midland International Airport, Midland, Texas",Land Ports,Land  Ports,Land Ports,1,,"MIDLAND INTL AIRPORT, MIDLAND, TX",
5583,"Fort Worth Alliance Airport, Fort Worth, Texas",Land Ports,Land  Ports,Land Ports,1,,"FORTH WORTH ALLIANCE  AIRP, TX",
5584,"Addison Airport, Addison, Texas",Land Ports,Land  Ports,Land Ports,1,,"ADDISON AIRPORT, ADDISON, TX",
5585,"Collin County Regional Airport, McKinney, Texas",Land Ports,Land  Ports,Land Ports,1,,,
5586,"Ardmore Municipal Airport, Ardmore, Oklahoma",Land Ports,Land  Ports,Land Ports,1,,,
5587,"Kelly Field Annex, San Antonio, Texas",Land Ports,Land  Ports,Land Ports,1,,,
5588,"Dallas Love Field, Dallas, Texas",Land Ports,Land  Ports,Land Ports,1,,"DALLAS LOVE FIELD USER FEE AIRP, DALLAS, TX",
5589,"Meacham International Airport, Fort Worth, Texas",Land Ports,Land  Ports,Land Ports,1,,,
5650,"Border Patrol Sector HQ, Chula Vista, California",Land Ports,Land  Ports,Land Ports,1,,,
5651,"San Clemente Border Patrol, California",Land Ports,Land  Ports,Land Ports,1,,,
5652,"Temecula Border Patrol, California",Land Ports,Land  Ports,Land Ports,1,,,
5653,"Brown Field Border Patrol, San Diego, California",Land Ports,Land  Ports,Land Ports,1,,,
5654,"Chula Vista Border Patrol, California",Land Ports,Land  Ports,Land Ports,1,,,
5655,"Campo (Area II) Border Patrol, Campo, California",Land Ports,Land  Ports,Land Ports,1,,,
5656,"Boulevard California Border Patrol, Boulevard, California",Land Ports,Land  Ports,Land Ports,1,,,
5657,"El Cajon (Area I) Border Patrol, El Cajon, California",Land Ports,Land  Ports,Land Ports,1,,,
5658,"Imperial Beach Border Patrol, California",Land Ports,Land  Ports,Land Ports,1,,,
7424,"CBP, Aruba Preclearance, Washington, DC",Land Ports,Land  Ports,Land Ports,1,,,
7928,"CBP Winnipeg Preclearance, Washington, DC",Land Ports,Land  Ports,Land Ports,1,,,
7930,"CBP Victoria Preclearance, Washington, DC",Land Ports,Land  Ports,Land Ports,1,,,
7922,"CBP Vancouver Preclearance, Washington, DC",Land Ports,Land  Ports,Land Ports,1,,,
7926,"CBP Toronto Preclearance, Washington, DC",Land Ports,Land  Ports,Land Ports,1,,,
7929,"CBP Ottawa Preclearance, Washington, DC",Land Ports,Land  Ports,Land Ports,1,,,
5756,"Bonners Ferry Idaho Border Patrol, Bonners Ferry, Idaho",Land Ports,Land  Ports,Land Ports,1,,,
5757,"Whitefish Montana Border Patrol, Whitefish, Montana",Land Ports,Land  Ports,Land Ports,1,,,
5758,"Eureka Montana Border Patrol, Eureka, Montana",Land Ports,Land  Ports,Land Ports,1,,,
7925,"CBP Montreal Preclearance, Washington, DC",Land Ports,Land  Ports,Land Ports,1,,,
0701,"Ogdensburg, New York",Toledo-Cleveland,Great Lakes,Great Lakes,1,,"OGDENSBURG, NY",
0704,"Massena, New York",Land Ports,Land  Ports,Land Ports,1,,"MASSENA, NY",
0706,"Cape Vincent, New York",Land Ports,Land  Ports,Land Ports,1,,"CAPE VINCENT, NY",
0708,"Alexandria Bay, New York",Land Ports,Land  Ports,Land Ports,1,,"ALEXANDRIA BAY, NY",
0709,"Burke, New York",Land Ports,Land  Ports,Land Ports,1,,,
7100,"Northeast Region, Boston, Massachusetts",Land Ports,Land  Ports,Land Ports,1,,,
0712,"Champlain-Rouses Point, New York",Land Ports,Land  Ports,Land Ports,1,,"CHAMPLAIN-ROUSES POINT, NY",
7121,"Montreal Quebec Canada, Montreal, Canada",Land Ports,Land  Ports,Land Ports,1,,,
7122,"Toronto Ontario Canada, Toronto, Canada",Land Ports,Land  Ports,Land Ports,1,,,
0714,"Clayton, New York",Land Ports,Land  Ports,Land Ports,1,,"CLAYTON, NY",
0715,"Trout River, New York",Land Ports,Land  Ports,Land Ports,1,,"TROUT RIVER, NY",
7400,"Southeast Region, Miami, Florida",Land Ports,Land  Ports,Land Ports,1,,,
7401,"CBP St. Thomas Preclearance, St. Thomas, Virgin Islands",Land Ports,Land  Ports,Land Ports,1,,,
7404,"CBP St. Croix Preclearance, St. Croix, Virgin Islands",Land Ports,Land  Ports,Land Ports,1,,,
7931,"CBP Halifax Nova Scotia Preclearance, Washington, DC",Land Ports,Land  Ports,Land Ports,1,,,
7422,"CBP Freeport Preclearance, Washington, DC",Land Ports,Land  Ports,Land Ports,1,,,
7924,"CBP Edmonton Preclearance, Washington, DC",Land Ports,Land  Ports,Land Ports,1,,,
7923,"CBP Calgary Preclearance, Washington, DC",Land Ports,Land  Ports,Land Ports,1,,,
7421,"CBP Bermuda Preclearance, Washington, DC",Land Ports,Land  Ports,Land Ports,1,,,
7500,"South Central Region, New Orleans, Louisiana",Land Ports,Land  Ports,Land Ports,1,,,
7543,"CBP Abu Dhabi Preclearance, Washington, DC",Land Ports,Land  Ports,Land Ports,1,,,
3015,"Boundary, Washington",Land Ports,Land  Ports,Land Ports,1,,"BOUNDARY, WA",
5750,"Border Patrol Sector HQ, Spokane, Washington",Land Ports,Land  Ports,Land Ports,1,,,
7600,"Southwest Region, Houston, Texas",Land Ports,Land  Ports,Land Ports,1,,,
7700,"Pacific Region, Long Beach, California",Land Ports,Land  Ports,Land Ports,1,,,
7728,"Pacific Region, San Francisco, California",Land Ports,Land  Ports,Land Ports,1,,,
7729,"Pacific Region, San Francisco, California",Land Ports,Land  Ports,Land Ports,1,,,
0781,"Plattsburgh International Airport, Plattsburgh, New York",Land Ports,Land  Ports,Land Ports,1,,,
7900,"CBP North Central Region, Chicago, Illinois",Land Ports,Land  Ports,Land Ports,1,,,
3050,"Border Patrol Sector HQ, Blaine, Washington",Land Ports,Land  Ports,Land Ports,1,,,
3004,"Blaine, Washington",Seattle-Tacoma,West,Pacific Northwest,1,,"BLAINE, WA",
3051,"Blaine Washington Border Patrol, Blaine, Washington",Land Ports,Land  Ports,Land Ports,1,,,
3005,"Bellingham, Washington",Seattle-Tacoma,West,Pacific Northwest,1,,"BELLINGHAM, WA",
3053,"Bellingham Border Patrol, Bellingham, Washington",Land Ports,Land  Ports,Land Ports,1,,,
3072,"Avion Brokers @ Seatac, Seatac, Washington",Land Ports,Land  Ports,Land Ports,1,,"AVION BROKERS, SEATTLE, WA",
3010,"Anacortes, Washington",Seattle-Tacoma,West,Pacific Northwest,1,,"ANACORTES, WA",
3074,"Airborne Express @ Seatac, Seatac, Washington",Land Ports,Land  Ports,Land Ports,1,,"AIRBORNE EXPRESS, SEATTLE, WA",
3003,"Aberdeen, Washington",Seattle-Tacoma,West,Pacific Northwest,1,,"ABERDEEN-HOQUIAM, WA",
0799,"Champlain-Cartage Cont, Champlain, New York",Land Ports,Land  Ports,Land Ports,1,,,
0901,"Buffalo-Niagara Falls, New York",Land Ports,Land  Ports,Land Ports,1,,"BUFFALO-NIAGARA FALLS, NY",
0903,"Rochester, New York",Land Ports,Land  Ports,Land Ports,1,,"ROCHESTER, NY",
0904,"Oswego, New York",Toledo-Cleveland,Great Lakes,Great Lakes,1,,"OSWEGO, NY",
0905,"Sodus Point, New York",Land Ports,Land  Ports,Land Ports,1,,"SODUS POINT, NY",
0906,"Syracuse, New York",Land Ports,Land  Ports,Land Ports,1,,"SYRACUSE, NY",
0921,"Northeast Region, Boston Massachusetts",Land Ports,Land  Ports,Land Ports,1,,,
9232,"Calgary, Alberta",Land Ports,Land  Ports,Land Ports,1,,,
0950,"Border Patrol Sector, Tonawanda, New York",Land Ports,Land  Ports,Land Ports,1,,,
0951,"Buffalo Border Patrol, Tonawanda, New York",Land Ports,Land  Ports,Land Ports,1,,,
0952,"Niagara Falls Border Patrol Station, Niagara Falls, New York",Land Ports,Land  Ports,Land Ports,1,,,
0953,"Watertown Border Patrol, Wellesley Island, New York",Land Ports,Land  Ports,Land Ports,1,,,
0954,"Fulton New York Border Patrol, Fulton, New York",Land Ports,Land  Ports,Land Ports,1,,,
0981,"Binghamton Regional Airport, New York",Land Ports,Land  Ports,Land Ports,1,,"BINGHAMTON REGIONAL AIRPORT, NY",
3901,"Chicago, Illinois",Chicago,Lake,Great Lakes,,Added from CBP PDF - unmatched ports,,1
4601,"Newark, New Jersey",New York,East,North Atlantic,,Added from CBP PDF - unmatched ports,,1
5104,"Christiansted, Virgin Islands",Virgin Islands,East,Caribbean,,Added from CBP PDF - unmatched ports,,1
5101,"Charlotte Amalie, Virgin Islands",Virgin Islands,East,Caribbean,,Added from CBP PDF - unmatched ports,,1
1102,"Paulsboro, Pennsylvania",Delaware River,East,Mid-Atlantic,,Added from CBP PDF - unmatched ports,,1
